,session_id,mall_id,lat,lng,activity,uniqueCount,totActiveDays,home_lat,home_long,mallidNearHome,work_lat,work_long,mallidNearWork,home_office_dist,one_home_dist,one_work_dist
103,148195684568674,23,39.848064,32.835148,Work,13,NA,NA,NA,NA,NA,NA,NA,NA,NA,NA
223,148200133269987,86,40.995384,28.909842,Residence,2,NA,NA,NA,NA,NA,NA,NA,NA,NA,NA
371,148208663944334,84,40.96933,29.091743,Work,2,NA,NA,NA,NA,NA,NA,NA,NA,NA,NA
372,148208663944334,84,40.96933,29.091743,Residence,1,NA,NA,NA,NA,NA,NA,NA,NA,NA,NA
430,148215557481676,86,40.995384,28.909842,Residence,1,NA,NA,NA,NA,NA,NA,NA,NA,NA,NA
593,148300701092016,26,41.109474,29.030212,Work,4,NA,NA,NA,NA,NA,NA,NA,NA,NA,NA
603,148352286132582,87,41.077419,29.011221,Work,1,NA,NA,NA,NA,NA,NA,NA,NA,NA,NA
8,148189517568623,89,41.070644,29.00189,Residence,1,24,39.89990793,32.80297968,105_1039,39.89990793,32.80297968,105_1039,0,347.17,347.17
15,148190036762491,88,40.98584,29.100296,Work,6,24,40.98537305,29.1017282,88_1096,40.98537305,29.1017282,88_1096,0,0.13,0.13
16,148190036762491,88,40.98584,29.100296,Residence,18,24,40.98537305,29.1017282,88_1096,40.98537305,29.1017282,88_1096,0,0.13,0.13
28,148191018800810,1096,40.986317,29.103914,Work,1,24,41.05334293,29.2350103,0,41.05334293,29.2350103,0,0,13.3,13.3
40,148191282321867,1033,41.038063,28.983295,Work,12,24,41.03615557,28.98039467,1033_1025,41.03615557,28.98039467,1033_1025,0,0.32,0.32
41,148191282321867,1001,41.040596,28.98838,Residence,1,24,41.03615557,28.98039467,1033_1025,41.03615557,28.98039467,1033_1025,0,0.83,0.83
42,148191282321867,1033,41.038063,28.983295,Residence,3,24,41.03615557,28.98039467,1033_1025,41.03615557,28.98039467,1033_1025,0,0.32,0.32
43,148191282321867,1077,41.030857,28.973768,Work,1,24,41.03615557,28.98039467,1033_1025,41.03615557,28.98039467,1033_1025,0,0.81,0.81
44,148191282321867,1077,41.030857,28.973768,Residence,16,24,41.03615557,28.98039467,1033_1025,41.03615557,28.98039467,1033_1025,0,0.81,0.81
45,148191282321867,1110,41.030804,28.983236,Residence,1,24,41.03615557,28.98039467,1033_1025,41.03615557,28.98039467,1033_1025,0,0.64,0.64
46,148191282321867,1025,41.034428,28.983999,Residence,2,24,41.03615557,28.98039467,1033_1025,41.03615557,28.98039467,1033_1025,0,0.36,0.36
52,148191968599585,78,41.086391,28.982019,Residence,8,24,41.09000524,28.9833083,78,41.09000524,28.9833083,78,0,0.42,0.42
53,148191968599585,78,41.086391,28.982019,Work,4,24,41.09000524,28.9833083,78,41.09000524,28.9833083,78,0,0.42,0.42
58,148192044877131,1059,41.006886,29.033216,Work,1,24,41.08332394,28.98989993,0,40.87077058,29.39042513,0,41.15,9.25,33.64
59,148192044877131,31,40.982479,29.13283,Work,1,24,41.08332394,28.98989993,0,40.87077058,29.39042513,0,41.15,16.43,24.98
5,148189322825486,87,41.077419,29.011221,Work,1,23,41.13246296,29.0410266,0,41.08977349,28.78862297,0,21.7,6.62,18.73
13,148190005424602,94,41.04657,28.897532,Residence,1,23,40.95555904,29.09387341,0,41.04562154,28.89626123,94,19.39,19.36,0.15
14,148190005424602,94,41.04657,28.897532,Work,11,23,40.95555904,29.09387341,0,41.04562154,28.89626123,94,19.39,19.36,0.15
25,148190775560204,89,41.070644,29.00189,Work,14,23,41.15376527,29.08846607,0,41.06691899,29.00008474,89,12.18,11.76,0.44
31,148191141215508,25,41.07671,29.027039,Work,13,23,40.94251751,29.15839389,0,41.07740391,29.02173211,25,18.9,18.57,0.45
33,148191153903326,78,41.086391,28.982019,Work,1,23,41.0490059,29.00016772,0,41.05469334,28.9992692,82,0.64,4.43,3.81
34,148191153903326,82,41.05365,28.993231,Work,1,23,41.0490059,29.00016772,0,41.05469334,28.9992692,82,0.64,0.78,0.52
35,148191170981494,1111,41.025745,28.958967,Work,2,23,41.0575595,29.02600015,0,41.0575595,29.02600015,0,0,6.65,6.65
72,148192934814218,75,41.006882,28.797319,Work,17,23,41.09818164,28.76203624,0,41.00280873,28.79787306,75,11.03,10.59,0.46
76,148194006492350,1046,40.959423,29.072475,Residence,17,23,40.95926455,29.07321401,1046,40.95926455,29.07321401,1046,0,0.06,0.06
81,148195122756662,36,40.9883,29.086309,Work,1,23,40.97251923,29.08203527,0,40.98539599,29.07815684,0,1.47,1.79,0.76
82,148195122756662,84,40.96933,29.091743,Work,1,23,40.97251923,29.08203527,0,40.98539599,29.07815684,0,1.47,0.89,2.12
83,148195167850717,25,41.07671,29.027039,Work,1,23,41.11597022,29.0138744,0,41.07201692,29.012313,24,4.89,4.51,1.34
84,148195167850717,24,41.076225,29.011829,Work,14,23,41.11597022,29.0138744,0,41.07201692,29.012313,24,4.89,4.43,0.47
85,148195184600048,1025,41.034428,28.983999,Residence,3,23,41.00427333,28.77777998,0,41.03423832,28.98367841,1025,17.61,17.64,0.03
86,148195184600048,1025,41.034428,28.983999,Work,14,23,41.00427333,28.77777998,0,41.03423832,28.98367841,1025,17.61,17.64,0.03
134,148196465063288,1123,41.042507,29.001322,Work,4,23,41.17947914,28.89159249,0,41.04592923,28.99891432,1123_1071,17.38,17.81,0.43
137,148196825054907,92,41.06768,28.992279,Work,1,23,41.07199677,28.99895212,89,41.07199677,28.99895212,89,0,0.74,0.74
138,148196825054907,89,41.070644,29.00189,Work,11,23,41.07199677,28.99895212,89,41.07199677,28.99895212,89,0,0.29,0.29
139,148196825054907,89,41.070644,29.00189,Residence,15,23,41.07199677,28.99895212,89,41.07199677,28.99895212,89,0,0.29,0.29
148,148197038126827,76,41.068562,29.005823,Work,1,23,41.08958228,28.6781656,0,41.06225649,29.01165768,0,28.15,27.59,0.86
149,148197038126827,21,41.078178,29.010618,Residence,1,23,41.08958228,28.6781656,0,41.06225649,29.01165768,0,28.15,27.92,1.77
172,148197787953108,1025,41.034428,28.983999,Residence,1,23,41.04513335,29.01165766,1005,41.08163542,29.01182728,1002_1075,4.06,2.61,5.75
173,148197787953108,1002,41.08334,29.012632,Work,9,23,41.04513335,29.01165766,1005,41.08163542,29.01182728,1002_1075,4.06,4.25,0.2
174,148197787953108,1077,41.030857,28.973768,Residence,1,23,41.04513335,29.01165766,1005,41.08163542,29.01182728,1002_1075,4.06,3.56,6.49
175,148197787953108,1005,41.042542,29.011812,Work,3,23,41.04513335,29.01165766,1005,41.08163542,29.01182728,1002_1075,4.06,0.29,4.35
176,148197787953108,1005,41.042542,29.011812,Residence,16,23,41.04513335,29.01165766,1005,41.08163542,29.01182728,1002_1075,4.06,0.29,4.35
177,148197800168897,35,41.062988,28.807287,Work,15,23,41.00699032,28.84272531,0,41.06478438,28.80592238,35,7.14,6.91,0.23
178,148197800168897,77,40.98867,28.845539,Residence,1,23,41.00699032,28.84272531,0,41.06478438,28.80592238,35,7.14,2.05,9.1
185,148197938098415,1107,41.063766,29.032955,Residence,1,23,41.08933348,29.02271184,0,41.08933348,29.02271184,0,0,2.97,2.97
191,148198185832184,79,41.020855,29.03953,Residence,18,23,41.01780688,29.04111532,79,40.99228199,29.07162217,0,3.83,0.36,4.17
203,148198429296621,1059,41.006886,29.033216,Residence,11,23,41.00785018,29.03333782,1059,41.05194574,29.07055483,0,5.82,0.11,5.92
205,148198478592083,86,40.995384,28.909842,Residence,25,23,40.99289483,28.90852399,86,40.99289483,28.90852399,86,0,0.3,0.3
230,148200498003630,75,41.006882,28.797319,Residence,15,23,41.00876122,28.80259576,75,41.00876122,28.80259576,75,0,0.49,0.49
235,148200798030898,1033,41.038063,28.983295,Work,2,23,41.04306915,28.98547317,1095_1001,41.04306915,28.98547317,1095_1001,0,0.59,0.59
236,148200798030898,1033,41.038063,28.983295,Residence,1,23,41.04306915,28.98547317,1095_1001,41.04306915,28.98547317,1095_1001,0,0.59,0.59
237,148200798030898,1095,41.040092,28.987194,Residence,6,23,41.04306915,28.98547317,1095_1001,41.04306915,28.98547317,1095_1001,0,0.36,0.36
238,148200798030898,1095,41.040092,28.987194,Work,9,23,41.04306915,28.98547317,1095_1001,41.04306915,28.98547317,1095_1001,0,0.36,0.36
1,148188687672868,1045,41.080986,29.035622,Work,7,22,41.11369491,29.04395116,0,41.07945154,29.03530888,1045,3.88,3.71,0.17
2,148188687672868,25,41.07671,29.027039,Work,1,22,41.11369491,29.04395116,0,41.07945154,29.03530888,1045,3.88,4.35,0.76
21,148190499521599,37,41.01128,28.81583,Residence,5,22,41.01099571,28.81940993,37,41.00092791,28.8255985,0,1.24,0.3,1.41
22,148190499521599,37,41.01128,28.81583,Work,5,22,41.01099571,28.81940993,37,41.00092791,28.8255985,0,1.24,0.3,1.41
26,148190832851206,37,41.01128,28.81583,Work,3,22,41.01079653,28.81191561,37,41.01079653,28.81191561,37,0,0.33,0.33
27,148190832851206,37,41.01128,28.81583,Residence,3,22,41.01079653,28.81191561,37,41.01079653,28.81191561,37,0,0.33,0.33
32,148191150293906,81,40.978561,29.10008,Work,5,22,40.9712263,29.11793145,0,40.97645706,29.09670379,81,1.88,1.71,0.37
48,148191625694993,75,41.006882,28.797319,Residence,2,22,41.39662061,33.78485746,0,41.39662061,33.78485746,0,0,419.92,419.92
69,148192561304190,1090,41.030792,28.974257,Residence,1,22,40.9828214,28.87656462,0,40.9828214,28.87656462,0,0,9.79,9.79
70,148192561304190,1049,41.077419,29.028307,Residence,5,22,40.9828214,28.87656462,0,40.9828214,28.87656462,0,0,16.53,16.53
93,148195347082968,94,41.04657,28.897532,Work,1,22,41.04786146,28.88304461,0,41.03450963,28.91102923,0,2.78,1.22,1.76
95,148195404169841,1063,41.059879,28.980932,Work,2,22,41.06333496,28.98069662,1063,41.10778599,29.00787097,116,5.45,0.39,5.79
96,148195404169841,1063,41.059879,28.980932,Residence,18,22,41.06333496,28.98069662,1063,41.10778599,29.00787097,116,5.45,0.39,5.79
107,148195826233241,72,41.001488,29.054775,Work,1,22,40.727431,31.5931507,0,40.73130981,31.56153448,0,2.7,215.86,213.15
120,148195987675283,73,40.964191,28.80168,Work,2,22,40.9791589,28.78053764,0,40.9791589,28.78053764,0,0,2.44,2.44
123,148196248745265,23,39.848064,32.835148,Work,7,22,39.8454373,32.83191986,23,39.8945942,32.86762752,1009,6.27,0.4,5.88
124,148196248745265,1009,39.896866,32.866734,Work,12,22,39.8454373,32.83191986,23,39.8945942,32.86762752,1009,6.27,6.45,0.26
125,148196248745265,23,39.848064,32.835148,Residence,6,22,39.8454373,32.83191986,23,39.8945942,32.86762752,1009,6.27,0.4,5.88
129,148196363792298,1054,41.035179,28.988338,Work,1,22,41.09582591,28.97087653,0,41.09582591,28.97087653,0,0,6.91,6.91
140,148196848576499,1033,41.038063,28.983295,Residence,20,22,41.03669464,28.98148178,1033_1025,41.03963778,28.97612498,0,0.56,0.22,0.63
141,148196848576499,1025,41.034428,28.983999,Residence,1,22,41.03669464,28.98148178,1033_1025,41.03963778,28.97612498,0,0.56,0.33,0.88
142,148196848576499,1092,41.036324,28.986389,Residence,1,22,41.03669464,28.98148178,1033_1025,41.03963778,28.97612498,0,0.56,0.41,0.94
143,148196848576499,1033,41.038063,28.983295,Work,2,22,41.03669464,28.98148178,1033_1025,41.03963778,28.97612498,0,0.56,0.22,0.63
144,148196848576499,1095,41.040092,28.987194,Residence,1,22,41.03669464,28.98148178,1033_1025,41.03963778,28.97612498,0,0.56,0.61,0.93
145,148196897039778,26,41.109474,29.030212,Work,18,22,41.01866508,29.01635154,0,41.11053932,29.03285067,26,10.32,10.18,0.25
170,148197604635991,80,40.97773,28.873442,Residence,1,22,41.04815374,28.82181921,0,41.04815374,28.82181921,0,0,8.96,8.96
171,148197604635991,80,40.97773,28.873442,Work,1,22,41.04815374,28.82181921,0,41.04815374,28.82181921,0,0,8.96,8.96
213,148199134027834,53,39.951141,32.831291,Work,1,22,40.20242153,32.6812601,0,40.20242153,32.6812601,0,0,30.75,30.75
215,148199401110400,37,41.01128,28.81583,Residence,11,22,41.00995869,28.82056161,37,41.07128308,28.97838814,0,14.91,0.42,15.2
216,148199401110400,37,41.01128,28.81583,Work,1,22,41.00995869,28.82056161,37,41.07128308,28.97838814,0,14.91,0.42,15.2
224,148200188310930,1082,41.058075,28.980726,Work,1,22,41.07795096,28.99680658,0,41.07795096,28.99680658,0,0,2.59,2.59
225,148200188310930,1043,41.041405,28.997549,Work,2,22,41.07795096,28.99680658,0,41.07795096,28.99680658,0,0,4.07,4.07
226,148200188310930,1043,41.041405,28.997549,Residence,1,22,41.07795096,28.99680658,0,41.07795096,28.99680658,0,0,4.07,4.07
231,148200652522035,1082,41.058075,28.980726,Work,8,22,41.05649523,28.98147055,1082,41.05649523,28.98147055,1082,0,0.19,0.19
232,148200652522035,63,39.900372,32.863522,Work,1,22,41.05649523,28.98147055,1082,41.05649523,28.98147055,1082,0,352.97,352.97
233,148200652522035,1082,41.058075,28.980726,Residence,8,22,41.05649523,28.98147055,1082,41.05649523,28.98147055,1082,0,0.19,0.19
234,148200745073453,1082,41.058075,28.980726,Work,11,22,41.05660855,28.9732319,0,41.05509582,28.98198853,1082,0.75,0.65,0.35
248,148201370301917,1005,41.042542,29.011812,Work,15,22,41.08447622,29.09112419,0,41.04376591,29.00995281,1005,8.18,8.13,0.21
249,148201370301917,89,41.070644,29.00189,Residence,1,22,41.08447622,29.09112419,0,41.04376591,29.00995281,1005,8.18,7.64,3.07
250,148201370301917,89,41.070644,29.00189,Work,1,22,41.08447622,29.09112419,0,41.04376591,29.00995281,1005,8.18,7.64,3.07
281,148204218683674,81,40.978561,29.10008,Residence,3,22,40.90055124,29.25302782,0,40.91417238,29.30016217,0,4.25,15.52,18.29
312,148205135720020,30,41.062481,28.993097,Residence,15,22,41.06134862,28.9962731,30,41.11022669,29.02421377,26,5.92,0.29,5.92
313,148205135720020,26,41.109474,29.030212,Work,2,22,41.06134862,28.9962731,30,41.11022669,29.02421377,26,5.92,6.07,0.51
330,148205500319702,82,41.05365,28.993231,Residence,6,22,41.0560775,28.99319291,82,41.0560775,28.99319291,82,0,0.27,0.27
331,148205500319702,82,41.05365,28.993231,Work,14,22,41.0560775,28.99319291,82,41.0560775,28.99319291,82,0,0.27,0.27
345,148206316199971,29,39.910645,32.776825,Work,6,22,39.91333542,32.77186782,29,39.91333542,32.77186782,29,0,0.52,0.52
346,148206316199971,29,39.910645,32.776825,Residence,10,22,39.91333542,32.77186782,29,39.91333542,32.77186782,29,0,0.52,0.52
347,148206347336836,1067,40.971657,29.060005,Work,1,22,40.9781477,29.04955133,0,40.9781477,29.04955133,0,0,1.14,1.14
350,148206545661786,32,41.026299,29.12644,Work,1,22,41.09092651,29.17737665,0,41.09092651,29.17737665,0,0,8.37,8.37
374,148208900088276,1028,41.139366,29.055521,Work,4,22,41.13717876,29.05670429,1028,41.13717876,29.05670429,1028,0,0.26,0.26
375,148208900088276,1028,41.139366,29.055521,Residence,17,22,41.13717876,29.05670429,1028,41.13717876,29.05670429,1028,0,0.26,0.26
37,148191262718038,33,41.025009,29.106171,Residence,11,21,41.02288741,29.10461986,33,41.02288741,29.10461986,33,0,0.27,0.27
38,148191262718038,33,41.025009,29.106171,Work,2,21,41.02288741,29.10461986,33,41.02288741,29.10461986,33,0,0.27,0.27
49,148191710348219,30,41.062481,28.993097,Work,1,21,41.06217862,28.98626733,1063_30,41.06217862,28.98626733,1063_30,0,0.57,0.57
50,148191745097665,88,40.98584,29.100296,Work,12,21,41.08846817,29.02391925,0,40.98744623,29.0953463,88,12.74,13.1,0.45
71,148192590903246,77,40.98867,28.845539,Residence,1,21,41.04478323,28.86507842,0,40.98864782,29.02322005,0,14.68,6.46,14.93
78,148194481312054,30,41.062481,28.993097,Residence,1,21,41.08491376,28.92348855,0,41.04111818,29.00104012,1123,8.13,6.35,2.47
79,148194481312054,1123,41.042507,29.001322,Work,7,21,41.08491376,28.92348855,0,41.04111818,29.00104012,1123,8.13,8.06,0.16
80,148194481312054,27,41.066319,29.017076,Work,2,21,41.08491376,28.92348855,0,41.04111818,29.00104012,1123,8.13,8.12,3.11
92,148195278939638,30,41.062481,28.993097,Residence,1,21,41.0766137,28.97274553,0,40.9959327,28.86307874,0,12.86,2.32,13.19
97,148195493845071,1082,41.058075,28.980726,Work,2,21,41.05480876,28.98263726,1082,41.05474093,28.99850786,82,1.33,0.4,1.54
98,148195493845071,1082,41.058075,28.980726,Residence,8,21,41.05480876,28.98263726,1082,41.05474093,28.99850786,82,1.33,0.4,1.54
99,148195493845071,82,41.05365,28.993231,Work,2,21,41.05480876,28.98263726,1082,41.05474093,28.99850786,82,1.33,0.9,0.46
100,148195499200101,1044,41.051067,28.992605,Work,7,21,41.15028212,28.85573437,0,41.0513738,28.99261406,1055_1044_82,15.91,15.93,0.03
115,148195961783155,1068,41.059944,29.036209,Work,1,21,41.10587715,28.99890196,0,40.98025376,29.21050385,0,22.61,6,17.12
118,148195983143530,32,41.026299,29.12644,Work,1,21,40.87406248,29.27393543,0,40.96229937,29.10980695,0,16.94,21,7.26
122,148196191539207,1035,39.89819,32.865135,Residence,1,21,40.99243115,29.1256043,0,40.99169764,29.13078148,0,0.44,339.38,338.94
147,148196995503312,37,41.01128,28.81583,Residence,1,21,41.0149025,28.83330294,0,41.0149025,28.83330294,0,0,1.52,1.52
163,148197478656623,72,41.001488,29.054775,Work,1,21,40.99977345,29.0555051,72,40.99977345,29.0555051,72,0,0.2,0.2
164,148197478656623,72,41.001488,29.054775,Residence,5,21,40.99977345,29.0555051,72,40.99977345,29.0555051,72,0,0.2,0.2
181,148197884347580,55,39.882961,32.685566,Residence,14,21,39.88492106,32.68867487,55,39.91719342,32.85844165,0,14.94,0.34,15.25
182,148197884347580,55,39.882961,32.685566,Work,3,21,39.88492106,32.68867487,55,39.91719342,32.85844165,0,14.94,0.34,15.25
196,148198328424475,1082,41.058075,28.980726,Work,1,21,41.05962856,28.98930652,30,41.01987101,28.94204417,0,5.94,0.74,5.35
197,148198328424475,30,41.062481,28.993097,Work,6,21,41.05962856,28.98930652,30,41.01987101,28.94204417,0,5.94,0.45,6.39
198,148198328424475,30,41.062481,28.993097,Residence,1,21,41.05962856,28.98930652,30,41.01987101,28.94204417,0,5.94,0.45,6.39
204,148198446446788,1064,41.01038,28.96965,Work,1,21,40.99568269,28.92842471,0,40.99568269,28.92842471,0,0,3.83,3.83
217,148199565147820,79,41.020855,29.03953,Residence,5,21,41.01706143,29.04156951,79,41.01016864,29.03605996,1059,0.9,0.46,1.22
218,148199565147820,79,41.020855,29.03953,Work,9,21,41.01706143,29.04156951,79,41.01016864,29.03605996,1059,0.9,0.46,1.22
219,148199565147820,1059,41.006886,29.033216,Work,7,21,41.01706143,29.04156951,79,41.01016864,29.03605996,1059,0.9,1.33,0.44
222,148200044310562,26,41.109474,29.030212,Work,1,21,41.21534667,29.01534058,0,41.21534667,29.01534058,0,0,11.85,11.85
227,148200426767725,1069,41.059536,29.035246,Work,1,21,40.98141816,29.04492039,1022,41.04679822,28.99801552,1071,8.28,8.73,3.43
228,148200426767725,1071,41.047516,28.994026,Work,4,21,40.98141816,29.04492039,1022,41.04679822,28.99801552,1071,8.28,8.51,0.34
229,148200426767725,1022,40.97739,29.041759,Residence,3,21,40.98141816,29.04492039,1022,41.04679822,28.99801552,1071,8.28,0.52,8.56
243,148201224902561,1111,41.025745,28.958967,Residence,1,21,41.00048671,28.87817301,0,41.02270018,28.5854109,0,24.72,7.35,31.37
244,148201224902561,1111,41.025745,28.958967,Work,2,21,41.00048671,28.87817301,0,41.02270018,28.5854109,0,24.72,7.35,31.37
276,148204121394068,81,40.978561,29.10008,Work,8,21,40.97806739,29.10609495,81,40.97806739,29.10609495,81,0,0.51,0.51
277,148204121394068,81,40.978561,29.10008,Residence,3,21,40.97806739,29.10609495,81,40.97806739,29.10609495,81,0,0.51,0.51
335,148205647633267,1025,41.034428,28.983999,Work,1,21,41.09808881,28.98857864,0,41.09694148,28.98573821,0,0.27,7.1,6.96
342,148205960652704,21,41.078178,29.010618,Work,6,21,41.06509285,28.7751152,0,41.07706877,29.00920771,21_1030_87,19.69,19.82,0.17
362,148207878354800,71,41.04797,28.80934,Work,8,21,40.99435583,28.84758122,0,40.99435583,28.84758122,0,0,6.78,6.78
363,148208183419619,77,40.98867,28.845539,Residence,18,21,40.98723681,28.84329659,77,40.98723681,28.84329659,77,0,0.25,0.25
364,148208183419619,77,40.98867,28.845539,Work,2,21,40.98723681,28.84329659,77,40.98723681,28.84329659,77,0,0.25,0.25
387,148211780740025,87,41.077419,29.011221,Work,10,21,41.07845028,28.68219254,0,41.07587553,29.0102685,87_24_21,27.53,27.61,0.19
388,148211780740025,24,41.076225,29.011829,Work,1,21,41.07845028,28.68219254,0,41.07587553,29.0102685,87_24_21,27.53,27.66,0.14
396,148212403101013,74,41.053925,28.79114,Work,2,21,41.05770219,28.78957594,74,41.05770219,28.78957594,74,0,0.44,0.44
397,148212403101013,74,41.053925,28.79114,Residence,16,21,41.05770219,28.78957594,74,41.05770219,28.78957594,74,0,0.44,0.44
403,148212712596256,1006,41.067345,29.044441,Work,1,21,41.17557807,28.89804578,0,41.07767255,29.02744435,25_1049,15.38,17.2,1.83
404,148212712596256,1108,41.067451,29.043747,Work,1,21,41.17557807,28.89804578,0,41.07767255,29.02744435,25_1049,15.38,17.15,1.78
405,148212712596256,1049,41.077419,29.028307,Work,1,21,41.17557807,28.89804578,0,41.07767255,29.02744435,25_1049,15.38,15.45,0.08
407,148212799027344,66,39.911217,32.81263,Work,3,21,39.91241776,32.7591501,66,39.90886935,32.75537382,66,0.51,4.57,4.9
418,148213756668912,60,39.976639,32.867161,Residence,13,21,39.97480717,32.86250103,60,39.97480717,32.86250103,60,0,0.45,0.45
444,148217678302018,1063,41.059879,28.980932,Residence,12,21,41.06248874,28.97837708,1063,41.06248874,28.97837708,1063,0,0.36,0.36
445,148217678302018,1063,41.059879,28.980932,Work,1,21,41.06248874,28.97837708,1063,41.06248874,28.97837708,1063,0,0.36,0.36
446,148217678302018,1108,41.067451,29.043747,Work,1,21,41.06248874,28.97837708,1063,41.06248874,28.97837708,1063,0,5.51,5.51
108,148195844473382,80,40.97773,28.873442,Residence,16,20,40.97814363,28.87816272,80,41.01051962,28.97191456,1064,8.66,0.4,9.04
109,148195844473382,1064,41.01038,28.96965,Work,7,20,40.97814363,28.87816272,80,41.01051962,28.97191456,1064,8.66,8.48,0.19
110,148195848409868,1023,41.058266,28.980352,Residence,14,20,41.05637659,28.97681907,1023,41.06034728,28.96904802,0,0.79,0.36,0.98
111,148195848409868,1023,41.058266,28.980352,Work,2,20,41.05637659,28.97681907,1023,41.06034728,28.96904802,0,0.79,0.36,0.98
116,148195977962327,84,40.96933,29.091743,Residence,14,20,40.96980479,29.0951291,84,40.95276261,29.10094198,0,1.96,0.29,2
117,148195977962327,84,40.96933,29.091743,Work,1,20,40.96980479,29.0951291,84,40.95276261,29.10094198,0,1.96,0.29,2
153,148197107728886,36,40.9883,29.086309,Work,4,20,40.98906452,29.089035,36,40.98906452,29.089035,36,0,0.24,0.24
154,148197107728886,36,40.9883,29.086309,Residence,4,20,40.98906452,29.089035,36,40.98906452,29.089035,36,0,0.24,0.24
156,148197172117363,74,41.053925,28.79114,Residence,4,20,41.05604689,28.79641423,74,41.07104969,28.79727879,0,1.67,0.5,1.97
157,148197172117363,74,41.053925,28.79114,Work,1,20,41.05604689,28.79641423,74,41.07104969,28.79727879,0,1.67,0.5,1.97
166,148197579447147,82,41.05365,28.993231,Work,1,20,41.05541345,28.99443395,82,41.05541345,28.99443395,82,0,0.22,0.22
167,148197579447147,92,41.06768,28.992279,Residence,4,20,41.05541345,28.99443395,82,41.05541345,28.99443395,82,0,1.38,1.38
168,148197579447147,82,41.05365,28.993231,Residence,10,20,41.05541345,28.99443395,82,41.05541345,28.99443395,82,0,0.22,0.22
169,148197579447147,74,41.053925,28.79114,Residence,1,20,41.05541345,28.99443395,82,41.05541345,28.99443395,82,0,17.07,17.07
193,148198291055816,1110,41.030804,28.983236,Residence,1,20,40.96179806,29.08557751,0,40.96179806,29.08557751,0,0,11.53,11.53
241,148200959318818,35,41.062988,28.807287,Work,4,20,41.05808817,28.80241573,0,41.05921855,28.80618963,35,0.34,0.68,0.43
253,148201460730665,84,40.96933,29.091743,Work,1,20,40.9661883,29.09146426,84,40.9661883,29.09146426,84,0,0.35,0.35
254,148201460730665,84,40.96933,29.091743,Residence,13,20,40.9661883,29.09146426,84,40.9661883,29.09146426,84,0,0.35,0.35
255,148201479243723,32,41.026299,29.12644,Work,1,20,40.99129137,29.1251691,0,41.06879376,29.00520666,76,13.26,3.9,11.22
256,148201479243723,76,41.068562,29.005823,Work,6,20,40.99129137,29.1251691,0,41.06879376,29.00520666,76,13.26,13.21,0.06
257,148201526232068,1052,41.040592,29.005133,Work,2,20,41.19546118,29.03939857,0,41.04396837,29.00694379,1052_1005,17.08,17.48,0.41
259,148201820556130,26,41.109474,29.030212,Work,10,20,41.0096913,29.11259558,0,41.10762975,29.03232269,26,12.82,13.08,0.27
261,148202009965558,1064,41.01038,28.96965,Work,15,20,41.02882383,29.03272374,0,41.00795827,28.97246066,1064,5.57,5.68,0.36
264,148202510784982,79,41.020855,29.03953,Work,2,20,40.96854099,29.1176828,0,40.96854099,29.1176828,0,0,8.78,8.78
265,148202510784982,79,41.020855,29.03953,Residence,5,20,40.96854099,29.1176828,0,40.96854099,29.1176828,0,0,8.78,8.78
291,148204821583613,34,40.977467,28.871523,Work,16,20,41.00358199,28.85259699,0,40.97759512,28.87119784,34,3.29,3.31,0.03
310,148205135589811,1096,40.986317,29.103914,Residence,1,20,40.97573234,29.06903976,0,40.97573234,29.06903976,0,0,3.16,3.16
311,148205135589811,1067,40.971657,29.060005,Work,1,20,40.97573234,29.06903976,0,40.97573234,29.06903976,0,0,0.88,0.88
326,148205394689846,86,40.995384,28.909842,Work,5,20,40.99564997,28.91242164,86,40.99564997,28.91242164,86,0,0.22,0.22
327,148205443609478,79,41.020855,29.03953,Residence,18,20,41.01834103,29.03624806,79,40.93970321,29.13409897,0,12.01,0.39,12.03
348,148206501110013,1071,41.047516,28.994026,Residence,15,20,41.04657572,28.99915305,1071,41.03378527,28.9016913,0,8.31,0.44,7.9
358,148207580952929,1121,41.064659,29.032145,Work,7,20,41.06582582,29.02703069,1121_1122,41.06582582,29.02703069,1121_1122,0,0.45,0.45
359,148207580952929,1121,41.064659,29.032145,Residence,24,20,41.06582582,29.02703069,1121_1122,41.06582582,29.02703069,1121_1122,0,0.45,0.45
360,148207653335001,80,40.97773,28.873442,Work,3,20,41.0580707,28.93609138,0,41.05800968,28.91134557,0,2.08,10.38,9.49
381,148209142865846,37,41.01128,28.81583,Work,11,20,41.05932459,28.66830156,0,41.01237803,28.81362207,37,13.27,13.49,0.22
385,148209961519040,86,40.995384,28.909842,Work,3,20,40.98417315,28.90146519,0,40.99774057,28.90093282,0,1.51,1.43,0.79
408,148212892997670,76,41.068562,29.005823,Work,1,20,41.52182823,52.63328982,0,41.52375177,52.62526077,0,0.7,1970.6,1969.91
409,148212892997670,76,41.068562,29.005823,Residence,2,20,41.52182823,52.63328982,0,41.52375177,52.62526077,0,0.7,1970.6,1969.91
412,148213190957413,1024,41.010406,28.969629,Residence,1,20,41.00908449,28.96412324,1024,36.26210976,2.758011878,0,2329.74,0.49,2330.21
432,148215823238190,1021,41.078693,29.032251,Work,13,20,41.04509901,28.83900315,0,41.07719037,29.03327802,1021,16.69,16.65,0.19
435,148216273261513,27,41.066319,29.017076,Work,14,20,41.07933999,29.08699809,0,41.06634795,29.01639701,27,6.1,6.04,0.06
459,148219873051374,63,39.900372,32.863522,Residence,1,20,40.99287007,29.02788629,0,40.99582884,29.0302768,0,0.39,346.91,346.83
460,148220687733308,1032,40.956936,29.080084,Work,4,20,40.98004675,29.05936598,0,40.98004675,29.05936598,0,0,3.11,3.11
465,148221879985934,80,40.97773,28.873442,Work,2,20,40.97717268,28.8779338,80,40.98046139,28.86921666,34,0.82,0.38,0.47
466,148221879985934,34,40.977467,28.871523,Work,4,20,40.97717268,28.8779338,80,40.98046139,28.86921666,34,0.82,0.54,0.39
467,148221879985934,80,40.97773,28.873442,Residence,19,20,40.97717268,28.8779338,80,40.98046139,28.86921666,34,0.82,0.38,0.47
477,148224158907447,1096,40.986317,29.103914,Work,11,20,40.99652469,29.02976071,91,40.99045038,29.10503519,1096,6.36,6.33,0.47
478,148224158907447,91,41.00032,29.032339,Work,1,20,40.99652469,29.02976071,91,40.99045038,29.10503519,1096,6.36,0.47,6.21
479,148224158907447,91,41.00032,29.032339,Residence,18,20,40.99652469,29.02976071,91,40.99045038,29.10503519,1096,6.36,0.47,6.21
480,148224158907447,1118,41.043961,29.016165,Work,1,20,40.99652469,29.02976071,91,40.99045038,29.10503519,1096,6.36,5.4,9.55
483,148224357788374,1002,41.08334,29.012632,Work,11,20,41.00604906,28.94569725,0,41.0827374,29.01214857,1002,10.2,10.28,0.08
484,148224391940179,1096,40.986317,29.103914,Work,3,20,40.97111949,29.08411196,0,40.99083093,29.10399382,1096,2.76,2.37,0.5
493,148226057482132,1049,41.077419,29.028307,Residence,1,20,41.00332693,28.65764236,0,41.06896566,28.80967733,0,14.71,32.2,18.37
17,148190138408007,76,41.068562,29.005823,Work,11,19,41.07168567,28.99511275,92,41.06941246,29.01045505,76_1089,1.31,0.96,0.4
18,148190138408007,1045,41.080986,29.035622,Residence,1,19,41.07168567,28.99511275,92,41.06941246,29.01045505,76_1089,1.31,3.55,2.47
55,148192034134472,1067,40.971657,29.060005,Work,13,19,40.97359076,29.06323182,1067,40.97359076,29.06323182,1067,0,0.35,0.35
56,148192034134472,1067,40.971657,29.060005,Residence,3,19,40.97359076,29.06323182,1067,40.97359076,29.06323182,1067,0,0.35,0.35
57,148192034134472,1047,40.816704,29.29525,Residence,1,19,40.97359076,29.06323182,1067,40.97359076,29.06323182,1067,0,26.2,26.2
73,148193739102263,1074,40.955952,29.08083,Residence,6,19,40.9570879,29.08484756,1016_1074,40.98798064,29.1293708,0,5.08,0.36,5.42
74,148193739102263,1074,40.955952,29.08083,Work,2,19,40.9570879,29.08484756,1016_1074,40.98798064,29.1293708,0,5.08,0.36,5.42
75,148193739102263,1016,40.95636,29.08065,Residence,1,19,40.9570879,29.08484756,1016_1074,40.98798064,29.1293708,0,5.08,0.36,5.4
184,148197927938329,1068,41.059944,29.036209,Residence,1,19,41.10064264,29.05220998,0,41.1088737,29.01718901,0,3.08,4.73,5.68
199,148198391180426,74,41.053925,28.79114,Work,2,19,41.05615015,28.78915485,74,41.05907201,28.79802427,0,0.81,0.3,0.81
200,148198391180426,74,41.053925,28.79114,Residence,5,19,41.05615015,28.78915485,74,41.05907201,28.79802427,0,0.81,0.3,0.81
202,148198400106211,1023,41.058266,28.980352,Residence,1,19,41.060313,28.96899981,0,41.060313,28.96899981,0,0,0.98,0.98
245,148201237832477,1067,40.971657,29.060005,Work,15,19,41.01116385,29.08895672,0,40.97230203,29.0590424,1067,5,5.03,0.11
251,148201418925573,32,41.026299,29.12644,Work,1,19,41.00243881,29.04749033,0,41.06865881,28.99276776,92,8.69,7.14,12.17
252,148201418925573,92,41.06768,28.992279,Work,5,19,41.00243881,29.04749033,0,41.06865881,28.99276776,92,8.69,8.62,0.12
301,148204946287945,1067,40.971657,29.060005,Residence,1,19,40.99064457,28.84356118,77,41.10829943,29.01648454,0,19.55,18.31,15.64
302,148204946287945,77,40.98867,28.845539,Residence,4,19,40.99064457,28.84356118,77,41.10829943,29.01648454,0,19.55,0.28,19.58
303,148204946287945,77,40.98867,28.845539,Work,3,19,40.99064457,28.84356118,77,41.10829943,29.01648454,0,19.55,0.28,19.58
321,148205305919618,1012,41.047588,28.989439,Residence,17,19,41.04895567,28.98770832,1012,41.10999671,29.0321449,26,7.75,0.21,7.82
322,148205305919618,26,41.109474,29.030212,Work,12,19,41.04895567,28.98770832,1012,41.10999671,29.0321449,26,7.75,7.62,0.17
339,148205877424403,86,40.995384,28.909842,Residence,9,19,40.99403299,28.90630389,86,40.99403299,28.90630389,86,0,0.33,0.33
340,148205877424403,86,40.995384,28.909842,Work,1,19,40.99403299,28.90630389,86,40.99403299,28.90630389,86,0,0.33,0.33
356,148207298839616,79,41.020855,29.03953,Work,2,19,40.13670578,26.41757227,0,40.13670578,26.41757227,0,0,242.54,242.54
370,148208643859999,1023,41.058266,28.980352,Work,1,19,40.85945165,29.30046947,0,41.10828074,29.00804066,116,37.03,34.84,6.03
383,148209520416302,86,40.995384,28.909842,Residence,3,19,40.9954656,28.9125844,86,40.9954656,28.9125844,86,0,0.23,0.23
398,148212587188327,88,40.98584,29.100296,Work,4,19,41.00316812,29.03671608,91_1059,40.98707946,29.09413281,88,5.15,5.68,0.54
399,148212587188327,91,41.00032,29.032339,Residence,16,19,41.00316812,29.03671608,91_1059,40.98707946,29.09413281,88,5.15,0.49,5.4
400,148212587188327,88,40.98584,29.100296,Residence,3,19,41.00316812,29.03671608,91_1059,40.98707946,29.09413281,88,5.15,5.68,0.54
402,148212613806737,1048,41.048389,28.993444,Work,17,19,41.04950437,28.99515969,1048_1071_1044,41.00634079,28.90071423,0,9.27,0.19,9.09
421,148214342717728,1001,41.040596,28.98838,Work,5,19,41.04407739,28.98559456,1001_1095,41.04407739,28.98559456,1001_1095,0,0.45,0.45
422,148214342717728,1001,41.040596,28.98838,Residence,8,19,41.04407739,28.98559456,1001_1095,41.04407739,28.98559456,1001_1095,0,0.45,0.45
429,148215372473831,77,40.98867,28.845539,Residence,2,19,41.11626997,29.0046479,0,41.11626997,29.0046479,0,0,19.5,19.5
454,148218649557163,1096,40.986317,29.103914,Work,8,19,40.98720773,29.10343601,1096,40.98446584,29.10039073,88,0.4,0.11,0.36
455,148218649557163,88,40.98584,29.100296,Work,3,19,40.98720773,29.10343601,1096,40.98446584,29.10039073,88,0.4,0.3,0.15
456,148218654324022,31,40.982479,29.13283,Work,1,19,40.92034112,29.30525897,0,40.8906394,29.23506079,0,6.77,16.06,13.36
457,148218654324022,31,40.982479,29.13283,Residence,5,19,40.92034112,29.30525897,0,40.8906394,29.23506079,0,6.77,16.06,13.36
487,148225095454731,89,41.070644,29.00189,Residence,3,19,41.07146351,29.00006034,89,41.07146351,29.00006034,89,0,0.18,0.18
496,148226394291147,92,41.06768,28.992279,Work,1,19,41.07146649,28.99191687,92,41.11993633,29.05114589,0,7.33,0.42,7.63
497,148226394291147,92,41.06768,28.992279,Residence,9,19,41.07146649,28.99191687,92,41.11993633,29.05114589,0,7.33,0.42,7.63
501,148231328370165,1010,41.047688,29.025126,Residence,1,19,41.0123297,28.93749975,0,41.02781215,29.11380592,0,14.91,8.35,7.77
502,148231628731195,1043,41.041405,28.997549,Work,2,19,41.04712954,28.86340309,0,41.04712954,28.86340309,0,0,11.28,11.28
508,148233865303412,1064,41.01038,28.96965,Residence,5,19,41.01926535,28.91134363,0,41.01034826,28.97474542,1064,5.42,5,0.43
509,148233865303412,1064,41.01038,28.96965,Work,6,19,41.01926535,28.91134363,0,41.01034826,28.97474542,1064,5.42,5,0.43
12,148189884288025,84,40.96933,29.091743,Work,1,18,40.97076422,29.1188236,0,40.97076422,29.1188236,0,0,2.28,2.28
65,148192451864530,33,41.025009,29.106171,Work,1,18,41.02295284,29.1094438,33,41.02295284,29.1094438,33,0,0.36,0.36
66,148192451864530,33,41.025009,29.106171,Residence,8,18,41.02295284,29.1094438,33,41.02295284,29.1094438,33,0,0.36,0.36
89,148195208457023,56,39.970699,32.714779,Work,1,18,39.96655704,32.7327645,0,39.99274553,32.74372227,0,3.06,1.6,3.48
119,148195985758546,73,40.964191,28.80168,Work,2,18,40.97914796,28.7805125,0,40.97914796,28.7805125,0,0,2.44,2.44
127,148196337841588,1002,41.08334,29.012632,Work,10,18,40.9813711,29.07607402,0,41.0816065,29.01172404,1002_1075,12.4,12.54,0.21
128,148196337841588,1090,41.030792,28.974257,Work,1,18,40.9813711,29.07607402,0,41.0816065,29.01172404,1002_1075,12.4,10.17,6.47
158,148197275497965,35,41.062988,28.807287,Work,1,18,41.03741633,28.8384118,0,41.03741633,28.8384118,0,0,3.86,3.86
286,148204713694922,21,41.078178,29.010618,Work,1,18,41.07754281,29.00849414,21_1030,41.08969128,29.0961501,0,7.48,0.19,7.29
287,148204713694922,1030,41.078331,29.010403,Residence,5,18,41.07754281,29.00849414,21_1030,41.08969128,29.0961501,0,7.48,0.18,7.31
288,148204713694922,1030,41.078331,29.010403,Work,1,18,41.07754281,29.00849414,21_1030,41.08969128,29.0961501,0,7.48,0.18,7.31
289,148204713694922,21,41.078178,29.010618,Residence,5,18,41.07754281,29.00849414,21_1030,41.08969128,29.0961501,0,7.48,0.19,7.29
290,148204771779558,76,41.068562,29.005823,Work,10,18,41.07062182,29.00768224,76,41.07062182,29.00768224,76,0,0.28,0.28
315,148205178659251,1030,41.078331,29.010403,Residence,1,18,41.08130373,28.97916618,0,41.0521877,29.00717508,0,4,2.64,2.92
316,148205178659251,90,41.085014,29.006083,Work,2,18,41.08130373,28.97916618,0,41.0521877,29.00717508,0,4,2.3,3.66
349,148206539058957,1076,39.897583,32.858067,Residence,1,18,41.09143904,29.01889771,0,41.09143904,29.01889771,0,0,351.09,351.09
379,148209113422203,1102,38.283974,26.37542,Work,4,18,38.2865138,26.37989128,1102_1103,38.2865138,26.37989128,1102_1103,0,0.48,0.48
380,148209113422203,1102,38.283974,26.37542,Residence,10,18,38.2865138,26.37989128,1102_1103,38.2865138,26.37989128,1102_1103,0,0.48,0.48
413,148213319423654,80,40.97773,28.873442,Residence,1,18,41.0408804,28.76132703,0,41.0408804,28.76132703,0,0,11.75,11.75
494,148226243401061,30,41.062481,28.993097,Residence,9,18,41.05974307,28.99973743,0,41.06334814,28.99857801,30,0.41,0.64,0.47
495,148226243401061,30,41.062481,28.993097,Work,1,18,41.05974307,28.99973743,0,41.06334814,28.99857801,30,0.41,0.64,0.47
511,148234792753171,89,41.070644,29.00189,Work,1,18,40.99539856,29.10138419,0,40.99539856,29.10138419,0,0,11.83,11.83
512,148234792753171,79,41.020855,29.03953,Work,1,18,40.99539856,29.10138419,0,40.99539856,29.10138419,0,0,5.92,5.92
516,148237960593540,27,41.066319,29.017076,Work,1,18,41.01272061,28.83785667,0,41.07889889,28.99712255,0,15.27,16.19,2.18
517,148237960593540,1021,41.078693,29.032251,Residence,3,18,41.01272061,28.83785667,0,41.07889889,28.99712255,0,15.27,17.9,2.95
518,148237960593540,25,41.07671,29.027039,Residence,1,18,41.01272061,28.83785667,0,41.07889889,28.99712255,0,15.27,17.41,2.52
528,148238744391386,93,40.937439,29.326969,Work,1,18,40.93197847,29.32719086,0,40.93197847,29.32719086,0,0,0.61,0.61
29,148191025568846,1077,41.030857,28.973768,Residence,2,17,41.03171696,28.96951693,1077,41.03171696,28.96951693,1077,0,0.37,0.37
130,148196448846958,30,41.062481,28.993097,Work,1,17,41.05742325,28.99720571,82,41.05742325,28.99720571,82,0,0.66,0.66
131,148196448846958,1055,41.049744,28.990915,Residence,8,17,41.05742325,28.99720571,82,41.05742325,28.99720571,82,0,1,1
132,148196448846958,1043,41.041405,28.997549,Residence,1,17,41.05742325,28.99720571,82,41.05742325,28.99720571,82,0,1.78,1.78
133,148196448846958,1123,41.042507,29.001322,Residence,1,17,41.05742325,28.99720571,82,41.05742325,28.99720571,82,0,1.7,1.7
274,148203524443654,1096,40.986317,29.103914,Work,5,17,40.96487785,28.84169908,0,40.9861951,29.10248691,1096_88,22.05,22.17,0.12
343,148206017051832,1092,41.036324,28.986389,Residence,2,17,41.06653915,28.86801547,0,41.06653915,28.86801547,0,0,10.49,10.49
395,148212392378523,63,39.900372,32.863522,Work,1,17,40.95316153,29.10818768,0,41.00401739,29.19343596,0,9.13,339.09,334.25
442,148217637720837,1048,41.048389,28.993444,Residence,5,17,41.04987632,28.9948221,1048,41.04987632,28.9948221,1048,0,0.2,0.2
443,148217637720837,1048,41.048389,28.993444,Work,1,17,41.04987632,28.9948221,1048,41.04987632,28.9948221,1048,0,0.2,0.2
468,148223110081771,1074,40.955952,29.08083,Work,2,17,40.95651282,29.08643338,1074,40.89183856,29.19755769,0,11.8,0.48,12.14
469,148223110081771,1074,40.955952,29.08083,Residence,4,17,40.95651282,29.08643338,1074,40.89183856,29.19755769,0,11.8,0.48,12.14
470,148223306959619,1046,40.959423,29.072475,Work,15,17,40.96256348,29.07537261,1046,40.96256348,29.07537261,1046,0,0.43,0.43
491,148225820372347,91,41.00032,29.032339,Work,1,17,40.99838518,29.03769376,91,40.99838518,29.03769376,91,0,0.5,0.5
492,148225820372347,91,41.00032,29.032339,Residence,4,17,40.99838518,29.03769376,91,40.99838518,29.03769376,91,0,0.5,0.5
523,148238609430977,1094,39.894238,32.703964,Work,1,17,39.93898378,32.61589302,0,39.8957922,32.70134696,61_1094,8.74,9.02,0.28
524,148238609430977,62,39.900246,32.691257,Work,1,17,39.93898378,32.61589302,0,39.8957922,32.70134696,61_1094,8.74,7.75,0.99
525,148238609430977,1109,39.887272,32.811947,Work,1,17,39.93898378,32.61589302,0,39.8957922,32.70134696,61_1094,8.74,17.7,9.49
526,148238609430977,1109,39.887272,32.811947,Residence,1,17,39.93898378,32.61589302,0,39.8957922,32.70134696,61_1094,8.74,17.7,9.49
527,148238609430977,61,39.895489,32.704288,Work,11,17,39.93898378,32.61589302,0,39.8957922,32.70134696,61_1094,8.74,8.97,0.25
540,148247612951338,1055,41.049744,28.990915,Work,3,17,41.05339802,28.97523874,0,41.05166147,28.98694971,1055,1,1.38,0.4
19,148190270641882,32,41.026299,29.12644,Work,1,16,40.99900111,29.12363304,0,41.01341813,29.060405,0,5.55,3.05,5.73
20,148190270641882,33,41.025009,29.106171,Work,1,16,40.99900111,29.12363304,0,41.01341813,29.060405,0,5.55,3.25,4.05
23,148190653840529,76,41.068562,29.005823,Residence,15,16,41.06409674,29.0077471,76,41.06409674,29.0077471,76,0,0.52,0.52
24,148190653840529,76,41.068562,29.005823,Work,1,16,41.06409674,29.0077471,76,41.06409674,29.0077471,76,0,0.52,0.52
159,148197309676853,1021,41.078693,29.032251,Work,13,16,41.05400398,28.96384188,0,41.07875215,29.03113205,1021,6.28,6.37,0.09
195,148198319838653,1034,41.121925,29.142906,Work,3,16,40.9634885,29.0921576,0,41.11890615,29.14139425,1034,17.79,18.14,0.36
208,148198636352894,1067,40.971657,29.060005,Residence,7,16,40.97494818,29.0580179,1067,40.97494818,29.0580179,1067,0,0.4,0.4
278,148204143121852,84,40.96933,29.091743,Residence,9,16,40.97144051,29.08759629,84,40.97109388,29.08877669,84,0.11,0.42,0.32
279,148204143121852,84,40.96933,29.091743,Work,1,16,40.97144051,29.08759629,84,40.97109388,29.08877669,84,0.11,0.42,0.32
317,148205235435374,72,41.001488,29.054775,Residence,13,16,41.00553049,29.05555944,72,41.05846106,28.99267342,82,7.91,0.45,8.21
318,148205235435374,1090,41.030792,28.974257,Residence,1,16,41.00553049,29.05555944,72,41.05846106,28.99267342,82,7.91,7.39,3.45
365,148208209115129,29,39.910645,32.776825,Work,3,16,37.91857198,29.11547879,0,37.91857198,29.11547879,0,0,386.92,386.92
366,148208209115129,29,39.910645,32.776825,Residence,1,16,37.91857198,29.11547879,0,37.91857198,29.11547879,0,0,386.92,386.92
369,148208623009054,1096,40.986317,29.103914,Residence,4,16,53.30024968,-6.294651116,0,53.30024968,-6.294651116,0,0,2968.98,2968.98
438,148216915421835,27,41.066319,29.017076,Residence,1,16,41.06405522,29.01831327,27,41.06405522,29.01831327,27,0,0.27,0.27
439,148216915421835,27,41.066319,29.017076,Work,2,16,41.06405522,29.01831327,27,41.06405522,29.01831327,27,0,0.27,0.27
458,148219834468479,1052,41.040592,29.005133,Residence,1,16,41.07612926,28.97572724,0,41.07612926,28.97572724,0,0,4.66,4.66
462,148221013752168,32,41.026299,29.12644,Work,1,16,41.03372678,29.1187292,0,41.03372678,29.1187292,0,0,1.05,1.05
463,148221013752168,32,41.026299,29.12644,Residence,1,16,41.03372678,29.1187292,0,41.03372678,29.1187292,0,0,1.05,1.05
500,148230779021932,1033,41.038063,28.983295,Work,1,16,41.00855063,29.13296258,0,41.03895929,28.98342061,1033,13.01,12.99,0.1
529,148239299605891,26,41.109474,29.030212,Work,1,16,41.20332477,29.01750845,0,41.06803051,28.86537629,0,19.74,10.5,14.58
542,148247997924858,93,40.937439,29.326969,Work,1,16,41.0064514,29.0585975,0,41.0064514,29.0585975,0,0,23.83,23.83
544,148248505298033,78,41.086391,28.982019,Work,1,16,41.09876901,28.983988,0,41.09876901,28.983988,0,0,1.39,1.39
332,148205510970378,92,41.06768,28.992279,Residence,3,15,41.06953993,28.99501567,92,41.06953993,28.99501567,92,0,0.31,0.31
341,148205954507419,1008,39.902695,32.809055,Work,1,15,38.95999908,35.25,0,39.90350233,32.81100638,1008,234.53,234.64,0.19
392,148212093565598,1113,41.025532,28.980091,Residence,2,15,55.95150666,-3.102880382,0,55.95150666,-3.102880382,0,0,2850.98,2850.98
423,148214746578556,36,40.9883,29.086309,Residence,1,15,40.99608268,29.10743298,0,40.99608268,29.10743298,0,0,1.98,1.98
424,148214842468162,26,41.109474,29.030212,Residence,2,15,41.11328921,29.02940177,26,41.11328921,29.02940177,26,0,0.43,0.43
425,148214842468162,26,41.109474,29.030212,Work,1,15,41.11328921,29.02940177,26,41.11328921,29.02940177,26,0,0.43,0.43
431,148215560890172,84,40.96933,29.091743,Residence,13,15,40.9706962,29.09198826,84,40.94710732,29.12511158,0,3.83,0.15,3.74
447,148218016280957,1022,40.97739,29.041759,Work,3,15,40.97781278,29.04118053,1022,40.97781278,29.04118053,1022,0,0.07,0.07
448,148218016280957,72,41.001488,29.054775,Residence,1,15,40.97781278,29.04118053,1022,40.97781278,29.04118053,1022,0,2.87,2.87
449,148218016280957,1022,40.97739,29.041759,Residence,5,15,40.97781278,29.04118053,1022,40.97781278,29.04118053,1022,0,0.07,0.07
538,148242640205828,21,41.078178,29.010618,Work,1,15,41.0408285,29.07404388,0,41.0408285,29.07404388,0,0,6.75,6.75
121,148195993311694,31,40.982479,29.13283,Work,1,14,41.00353471,29.20727116,0,41.00353471,29.20727116,0,0,6.68,6.68
309,148205062370314,1096,40.986317,29.103914,Residence,8,14,40.9900771,29.106197,1096,40.90019801,29.20334456,0,12.92,0.46,12.72
333,148205607743965,1108,41.067451,29.043747,Work,2,14,41.07078061,29.04200499,1108,41.07078061,29.04200499,1108,0,0.4,0.4
334,148205616799751,30,41.062481,28.993097,Residence,1,14,41.05271964,28.98301708,0,41.05271964,28.98301708,0,0,1.38,1.38
452,148218618181816,26,41.109474,29.030212,Work,1,14,40.98334076,29.0598046,0,41.10942148,29.02149038,0,14.4,14.26,0.73
453,148218618181816,26,41.109474,29.030212,Residence,1,14,40.98334076,29.0598046,0,41.10942148,29.02149038,0,14.4,14.26,0.73
519,148238184393553,85,41.009701,28.659527,Residence,9,14,41.01240219,28.65689831,85,41.00682829,28.97430018,1101,26.67,0.37,26.44
520,148238184393553,1101,41.006615,28.980225,Work,1,14,41.01240219,28.65689831,85,41.00682829,28.97430018,1101,26.67,27.17,0.5
521,148238184393553,85,41.009701,28.659527,Work,1,14,41.01240219,28.65689831,85,41.00682829,28.97430018,1101,26.67,0.37,26.44
522,148238448311720,1018,41.047531,29.026033,Residence,1,14,41.00586195,28.89317856,0,41.01721282,28.93076221,0,3.4,12.08,8.68
3,148189012643613,33,41.025009,29.106171,Residence,1,13,41.0317326,29.09042101,0,41.02066772,29.01723606,0,6.27,1.52,7.48
10,148189862441002,50,39.875648,32.869797,Residence,8,13,39.89282553,32.86023148,50,39.57785839,31.99426783,0,82,2.08,81.96
11,148189862441002,50,39.875648,32.869797,Work,2,13,39.89282553,32.86023148,50,39.57785839,31.99426783,0,82,2.08,81.96
54,148192002356780,78,41.086391,28.982019,Work,3,13,41.17477495,28.88968414,0,41.08548937,28.98138181,78,12.57,12.52,0.11
60,148192119145475,1078,41.110367,29.131603,Residence,6,13,41.11453212,29.13164906,1078,41.11453212,29.13164906,1078,0,0.46,0.46
61,148192119145475,1078,41.110367,29.131603,Work,2,13,41.11453212,29.13164906,1078,41.11453212,29.13164906,1078,0,0.46,0.46
104,148195693727739,77,40.98867,28.845539,Residence,1,13,40.9853713,28.85046967,0,41.062163,28.98282995,1063,14.02,0.55,14.14
150,148197059914960,1082,41.058075,28.980726,Residence,7,13,41.0575139,28.98217682,1082,41.0575139,28.98217682,1082,0,0.14,0.14
151,148197059914960,1055,41.049744,28.990915,Work,3,13,41.0575139,28.98217682,1082,41.0575139,28.98217682,1082,0,1.13,1.13
152,148197059914960,1082,41.058075,28.980726,Work,1,13,41.0575139,28.98217682,1082,41.0575139,28.98217682,1082,0,0.14,0.14
155,148197149277723,72,41.001488,29.054775,Residence,1,13,41.007067,28.66682867,0,41.007067,28.66682867,0,0,32.6,32.6
211,148198946857027,1025,41.034428,28.983999,Work,1,13,41.05026014,28.78956908,74,41.03649618,28.81754965,0,2.8,16.42,13.98
212,148198946857027,74,41.053925,28.79114,Residence,7,13,41.05026014,28.78956908,74,41.03649618,28.81754965,0,2.8,0.43,2.95
304,148204984859344,89,41.070644,29.00189,Work,2,13,41.06835631,29.00118446,89,41.0141983,29.03394508,0,6.63,0.26,6.84
305,148204984859344,89,41.070644,29.00189,Residence,1,13,41.06835631,29.00118446,89,41.0141983,29.03394508,0,6.63,0.26,6.84
323,148205309046720,66,39.911217,32.81263,Residence,2,13,39.9107541,32.75899809,66,39.95071507,32.85131836,0,9.05,4.58,5.5
414,148213402707068,82,41.05365,28.993231,Work,1,13,41.05398413,28.99782219,82,41.03819323,28.96734506,0,3.1,0.39,2.77
415,148213402707068,82,41.05365,28.993231,Residence,2,13,41.05398413,28.99782219,82,41.03819323,28.96734506,0,3.1,0.39,2.77
499,148230017062512,76,41.068562,29.005823,Work,7,13,41.11917573,29.00854554,0,41.06658568,29.00429581,76,5.87,5.64,0.25
532,148240483824303,61,39.895489,32.704288,Residence,6,13,39.89630399,32.70500324,61,39.89630399,32.70500324,61,0,0.11,0.11
533,148240483824303,61,39.895489,32.704288,Work,3,13,39.89630399,32.70500324,61,39.89630399,32.70500324,61,0,0.11,0.11
539,148244436591305,29,39.910645,32.776825,Residence,1,13,40.07667427,29.51125225,0,40.07861837,29.51324336,0,0.27,279.1,278.94
541,148247838124920,1047,40.816704,29.29525,Work,1,13,41.08797947,29.03900118,0,41.08797947,29.03900118,0,0,37.1,37.1
545,148250061662232,1023,41.058266,28.980352,Residence,3,13,47.10805671,51.90265056,0,40.59000304,31.80756875,0,1762.26,1944.12,243.78
553,148266010362612,34,40.977467,28.871523,Residence,2,13,40.97962758,28.86802524,34,40.97962758,28.86802524,34,0,0.38,0.38
554,148266010362612,34,40.977467,28.871523,Work,7,13,40.97962758,28.86802524,34,40.97962758,28.86802524,34,0,0.38,0.38
556,148268478198693,1049,41.077419,29.028307,Residence,4,13,41.07409096,29.02981783,25_1049,41.05696257,29.01234444,0,2.41,0.39,2.64
557,148268478198693,25,41.07671,29.027039,Residence,1,13,41.07409096,29.02981783,25_1049,41.05696257,29.01234444,0,2.41,0.37,2.52
564,148273907455854,26,41.109474,29.030212,Work,7,13,41.06514068,29.00934684,76,41.10739847,29.03188975,26,5.07,5.24,0.27
565,148273907455854,76,41.068562,29.005823,Residence,7,13,41.06514068,29.00934684,76,41.10739847,29.03188975,26,5.07,0.48,4.84
566,148273907455854,76,41.068562,29.005823,Work,1,13,41.06514068,29.00934684,76,41.10739847,29.03188975,26,5.07,0.48,4.84
581,148284948818520,21,41.078178,29.010618,Work,8,13,41.07781985,29.0048751,21,41.07781985,29.0048751,21,0,0.48,0.48
582,148284948818520,21,41.078178,29.010618,Residence,8,13,41.07781985,29.0048751,21,41.07781985,29.0048751,21,0,0.48,0.48
186,148198030104947,1121,41.064659,29.032145,Residence,10,12,41.06699772,29.02738744,1121_1122,41.03290612,28.97649796,1090,5.71,0.48,5.86
187,148198030104947,1090,41.030792,28.974257,Work,3,12,41.06699772,29.02738744,1121_1122,41.03290612,28.97649796,1090,5.71,6.01,0.3
192,148198235744003,73,40.964191,28.80168,Work,1,12,40.97527542,28.72548834,0,40.97527542,28.72548834,0,0,6.52,6.52
240,148200879701910,1052,41.040592,29.005133,Work,1,12,41.13754654,29.03858185,0,41.05094763,29.01175424,0,9.9,11.15,1.28
266,148202636468957,1011,40.987534,29.120331,Residence,9,12,40.99085198,29.11693708,1011,40.99085198,29.11693708,1011,0,0.47,0.47
267,148202636468957,1011,40.987534,29.120331,Work,1,12,40.99085198,29.11693708,1011,40.99085198,29.11693708,1011,0,0.47,0.47
268,148202636468957,36,40.9883,29.086309,Residence,1,12,40.99085198,29.11693708,1011,40.99085198,29.11693708,1011,0,2.59,2.59
292,148204832663490,86,40.995384,28.909842,Work,4,12,40.97988783,28.79779127,0,40.9945518,28.91060927,86,9.62,9.57,0.11
294,148204885462888,37,41.01128,28.81583,Work,1,12,41.05468067,28.78122967,0,41.05468067,28.78122967,0,0,5.64,5.64
295,148204885462888,74,41.053925,28.79114,Residence,2,12,41.05468067,28.78122967,0,41.05468067,28.78122967,0,0,0.84,0.84
296,148204885462888,74,41.053925,28.79114,Work,1,12,41.05468067,28.78122967,0,41.05468067,28.78122967,0,0,0.84,0.84
319,148205237801394,29,39.910645,32.776825,Residence,1,12,39.79940964,32.79986154,0,39.79940964,32.79986154,0,0,12.54,12.54
320,148205284199795,76,41.068562,29.005823,Work,1,12,40.94382025,29.15885205,0,41.06721664,29.00378521,76,18.93,18.92,0.23
384,148209678038388,1057,41.083012,29.034481,Residence,8,12,41.08565656,29.03237385,1057,41.00903466,28.89648409,0,14.24,0.34,14.21
406,148212781798528,1123,41.042507,29.001322,Work,1,12,41.08217411,28.92751205,0,41.0837846,28.92859749,0,0.2,7.61,7.64
410,148213008037383,55,39.882961,32.685566,Residence,4,12,39.8840281,32.68717209,55,39.96158944,32.57995049,0,12.58,0.18,12.57
411,148213008037383,55,39.882961,32.685566,Work,1,12,39.8840281,32.68717209,55,39.96158944,32.57995049,0,12.58,0.18,12.57
433,148215837612975,1090,41.030792,28.974257,Work,1,12,41.11917038,29.00851463,0,41.066607,29.00432536,76,5.86,10.25,4.72
434,148215837612975,76,41.068562,29.005823,Work,4,12,41.11917038,29.00851463,0,41.066607,29.00432536,76,5.86,5.64,0.25
549,148258705157663,90,41.085014,29.006083,Residence,8,12,41.08569954,29.00241059,90,41.08569954,29.00241059,90,0,0.32,0.32
550,148258705157663,90,41.085014,29.006083,Work,2,12,41.08569954,29.00241059,90,41.08569954,29.00241059,90,0,0.32,0.32
567,148274861815134,66,39.911217,32.81263,Residence,2,12,39.91092355,32.81770342,66,39.78887588,32.38131911,0,39.69,0.43,39.3
576,148283823521879,36,40.9883,29.086309,Residence,8,12,40.99267091,29.0857944,36,40.96814535,29.10262653,0,3.07,0.49,2.63
579,148284642150176,1069,41.059536,29.035246,Residence,12,12,41.05919091,29.02947959,1069,41.05919091,29.02947959,1069,0,0.49,0.49
580,148284642150176,1069,41.059536,29.035246,Work,1,12,41.05919091,29.02947959,1069,41.05919091,29.02947959,1069,0,0.49,0.49
589,148294411447015,62,39.900246,32.691257,Residence,7,12,39.89879799,32.6895008,62,39.96208332,32.68634393,0,7.05,0.22,6.9
88,148195199833955,23,39.848064,32.835148,Residence,5,11,39.84725065,32.8388875,23,39.89965677,32.93618196,0,10.16,0.33,10.37
126,148196290628754,30,41.062481,28.993097,Work,1,11,41.07409049,28.97211266,0,41.03110313,28.81822968,0,13.78,2.18,15.09
189,148198161387648,1047,40.816704,29.29525,Residence,3,11,40.81721519,29.2925046,1047,40.81721519,29.2925046,1047,0,0.24,0.24
190,148198161387648,1047,40.816704,29.29525,Work,5,11,40.81721519,29.2925046,1047,40.81721519,29.2925046,1047,0,0.24,0.24
297,148204898181319,85,41.009701,28.659527,Work,2,11,40.97586618,28.65647758,0,41.00673029,28.66000561,85,3.45,3.78,0.33
306,148204998387149,74,41.053925,28.79114,Work,1,11,41.05244563,28.78581379,74,41.02148635,28.8248901,0,4.76,0.48,4.59
307,148204998387149,74,41.053925,28.79114,Residence,2,11,41.05244563,28.78581379,74,41.02148635,28.8248901,0,4.76,0.48,4.59
391,148212048707544,30,41.062481,28.993097,Work,1,11,41.04505685,28.95280525,0,41.04505685,28.95280525,0,0,3.9,3.9
471,148223459269595,89,41.070644,29.00189,Residence,2,11,41.07065598,28.99966839,89,41.11027415,29.02393819,26,4.86,0.19,4.78
472,148223459269595,89,41.070644,29.00189,Work,2,11,41.07065598,28.99966839,89,41.11027415,29.02393819,26,4.86,0.19,4.78
485,148224436838836,1067,40.971657,29.060005,Residence,1,11,40.97313049,29.05559503,1067,40.97313049,29.05559503,1067,0,0.41,0.41
486,148224436838836,1067,40.971657,29.060005,Work,2,11,40.97313049,29.05559503,1067,40.97313049,29.05559503,1067,0,0.41,0.41
558,148268968779492,1061,39.912704,32.809017,Residence,1,11,39.91394043,32.80673981,1061,39.861485,32.71228623,0,9.96,0.24,10.04
568,148276609807325,76,41.068562,29.005823,Work,3,11,41.18611119,28.88072824,0,41.06916951,29.01071566,76,16.98,16.77,0.42
585,148291270521207,92,41.06768,28.992279,Residence,2,11,41.07289403,28.9920835,0,41.07289403,28.9920835,0,0,0.58,0.58
588,148293867027227,82,41.05365,28.993231,Work,2,11,41.01190229,29.07877438,0,41.05256706,28.98967875,82_1055,8.74,8.56,0.32
590,148297517637867,1121,41.064659,29.032145,Residence,1,11,40.98242052,29.08499881,0,40.98242052,29.08499881,0,0,10.17,10.17
94,148195357339187,82,41.05365,28.993231,Work,2,10,40.98069,29.0772152,0,40.98069,29.0772152,0,0,10.76,10.76
180,148197866289221,82,41.05365,28.993231,Residence,8,10,41.05362052,28.99793503,82,41.05362052,28.99793503,82,0,0.39,0.39
275,148203951987524,38,41.003078,28.68808,Work,1,10,40.99046783,28.61528736,0,41.00597993,28.62402639,0,1.88,6.27,5.39
376,148209055079686,78,41.086391,28.982019,Work,1,10,41.00266279,29.03571253,91,41.0897124,28.98418228,78,10.61,10.35,0.41
377,148209055079686,91,41.00032,29.032339,Residence,2,10,41.00266279,29.03571253,91,41.0897124,28.98418228,78,10.61,0.39,10.74
378,148209055079686,1059,41.006886,29.033216,Residence,1,10,41.00266279,29.03571253,91,41.0897124,28.98418228,78,10.61,0.51,10.1
394,148212187502704,1078,41.110367,29.131603,Work,7,10,41.04430613,28.9803091,0,41.11079697,29.13157058,1078,14.69,14.67,0.05
504,148232831880018,74,41.053925,28.79114,Residence,5,10,41.05527995,28.78565269,74,41.05527995,28.78565269,74,0,0.48,0.48
505,148232831880018,74,41.053925,28.79114,Work,1,10,41.05527995,28.78565269,74,41.05527995,28.78565269,74,0,0.48,0.48
513,148234926595099,93,40.937439,29.326969,Residence,2,10,37.87312775,32.4958959,0,40.93395701,29.32757294,93,436.24,436.57,0.39
514,148234926595099,93,40.937439,29.326969,Work,1,10,37.87312775,32.4958959,0,40.93395701,29.32757294,93,436.24,436.57,0.39
531,148240059454660,1071,41.047516,28.994026,Work,3,10,41.04770217,28.99621056,1071,41.04770217,28.99621056,1071,0,0.18,0.18
584,148289059564031,77,40.98867,28.845539,Residence,2,10,41.00135191,28.83022985,0,41.00135191,28.83022985,0,0,1.91,1.91
587,148291735704705,61,39.895489,32.704288,Residence,1,10,39.89783636,32.62456247,0,39.89783636,32.62456247,0,0,6.81,6.81
591,148299239759276,35,41.062988,28.807287,Work,1,10,41.10973838,29.12291688,0,41.0335353,29.10965224,0,8.56,26.99,25.6
160,148197432813277,90,41.085014,29.006083,Work,6,9,41.0872308,29.00259818,90,41.0872308,29.00259818,90,0,0.38,0.38
161,148197432813277,90,41.085014,29.006083,Residence,5,9,41.0872308,29.00259818,90,41.0872308,29.00259818,90,0,0.38,0.38
262,148202071116663,75,41.006882,28.797319,Residence,4,9,41.00846645,28.80188946,75,41.00846645,28.80188946,75,0,0.42,0.42
282,148204230083945,26,41.109474,29.030212,Work,5,9,41.0651333,29.00938399,76,41.10776542,29.03216034,26,5.12,5.24,0.25
283,148204230083945,76,41.068562,29.005823,Residence,7,9,41.0651333,29.00938399,76,41.10776542,29.03216034,26,5.12,0.48,4.89
354,148207230214579,91,41.00032,29.032339,Work,5,9,41.0004625,29.03720259,91,41.0004625,29.03720259,91,0,0.41,0.41
389,148211896973452,1055,41.049744,28.990915,Work,6,9,41.05027584,28.98874933,1055,41.05027584,28.98874933,1055,0,0.19,0.19
390,148211896973452,1055,41.049744,28.990915,Residence,1,9,41.05027584,28.98874933,1055,41.05027584,28.98874933,1055,0,0.19,0.19
427,148215037508215,1078,41.110367,29.131603,Residence,4,9,41.11352901,29.13316545,1078,40.98296985,29.02731794,0,17.04,0.38,16.67
440,148217063883658,1082,41.058075,28.980726,Residence,3,9,41.05596017,28.98155867,1082,41.05596017,28.98155867,1082,0,0.25,0.25
441,148217063883658,1082,41.058075,28.980726,Work,1,9,41.05596017,28.98155867,1082,41.05596017,28.98155867,1082,0,0.25,0.25
534,148240623922351,1080,41.024788,28.978239,Residence,3,9,41.02618737,28.97640902,1080,41.10787725,29.00762844,116,9.46,0.22,9.57
535,148240623922351,1110,41.030804,28.983236,Residence,1,9,41.02618737,28.97640902,1080,41.10787725,29.00762844,116,9.46,0.77,8.82
598,148311836881324,1071,41.047516,28.994026,Residence,2,9,40.97965223,37.89675786,0,40.97965223,37.89675786,0,0,747.51,747.51
6,148189409525012,84,40.96933,29.091743,Work,1,8,40.96748595,29.09523704,84,40.96748595,29.09523704,84,0,0.36,0.36
67,148192518390500,1025,41.034428,28.983999,Residence,1,8,41.04543432,28.93496399,0,41.04543432,28.93496399,0,0,4.3,4.3
112,148195869547715,25,41.07671,29.027039,Work,14,8,41.08047074,29.0351956,1045,41.08047074,29.0351956,1045,0,0.8,0.8
113,148195869547715,1045,41.080986,29.035622,Residence,3,8,41.08047074,29.0351956,1045,41.08047074,29.0351956,1045,0,0.07,0.07
135,148196636812959,24,41.076225,29.011829,Work,1,8,41.01512598,29.05036078,0,41.04360199,29.01495631,0,4.35,7.53,3.64
284,148204360922266,1064,41.01038,28.96965,Work,1,8,41.10971917,28.85017501,0,41.10971917,28.85017501,0,0,14.93,14.93
314,148205165497606,1059,41.006886,29.033216,Residence,3,8,41.00527711,29.03895571,1059,41.10797252,29.00796554,116,11.72,0.51,11.45
355,148207232068820,1043,41.041405,28.997549,Residence,2,8,38.43718484,27.17513114,0,38.43718484,27.17513114,0,0,329.19,329.19
367,148208289339944,93,40.937439,29.326969,Work,1,8,40.92500566,29.30531586,0,40.92500566,29.30531586,0,0,2.29,2.29
368,148208355809735,94,41.04657,28.897532,Work,1,8,41.01909866,28.60460904,0,41.02253596,28.6072127,0,0.44,24.79,24.52
393,148212181775257,82,41.05365,28.993231,Work,3,8,41.05148309,28.92237619,0,41.05450692,28.99048058,82,5.73,5.95,0.25
543,148248188774019,1102,38.283974,26.37542,Work,2,8,38.29992982,26.37454224,0,38.28429912,26.37667255,1102_1103,1.75,1.78,0.12
555,148266535719814,35,41.062988,28.807287,Residence,2,8,41.05965025,28.80474911,35,41.0568508,28.80594944,0,0.33,0.43,0.69
560,148269613881207,1067,40.971657,29.060005,Work,3,8,40.97205132,29.05459323,1067,40.97205132,29.05459323,1067,0,0.46,0.46
570,148277760933139,1059,41.006886,29.033216,Work,2,8,41.01312141,29.12008918,0,40.95345775,29.11774211,0,6.64,7.33,9.26
599,148312873118008,76,41.068562,29.005823,Residence,2,8,41.06445122,29.00856998,76,41.08989114,29.01498065,0,2.88,0.51,2.5
30,148191114007835,1022,40.97739,29.041759,Work,1,7,40.9574069,29.09015078,0,40.9574069,29.09015078,0,0,4.64,4.64
62,148192230864794,1095,41.040092,28.987194,Work,1,7,41.04118493,28.99684199,1043,41.03983871,28.98469353,1095,1.03,0.82,0.21
63,148192230864794,1043,41.041405,28.997549,Residence,1,7,41.04118493,28.99684199,1043,41.03983871,28.98469353,1095,1.03,0.06,1.09
64,148192230864794,1095,41.040092,28.987194,Residence,1,7,41.04118493,28.99684199,1043,41.03983871,28.98469353,1095,1.03,0.82,0.21
90,148195221479171,1014,39.911747,32.811314,Work,2,7,39.93866175,32.64536066,0,39.90945902,32.81289824,1014,14.67,14.48,0.29
91,148195277963638,56,39.970699,32.714779,Residence,1,7,39.97408222,32.70935313,0,39.97408222,32.70935313,0,0,0.6,0.6
114,148195926782378,84,40.96933,29.091743,Residence,2,7,37.88415256,32.49020209,0,37.87093565,32.4864947,0,1.51,450.86,451.79
136,148196755273880,74,41.053925,28.79114,Residence,2,7,41.0515234,28.79223454,74,41.0515234,28.79223454,74,0,0.28,0.28
162,148197468073872,1074,40.955952,29.08083,Residence,6,7,40.95630843,29.08243194,1074_1016,40.95630843,29.08243194,1074_1016,0,0.14,0.14
220,148199658755221,72,41.001488,29.054775,Work,3,7,41.00451326,29.05289035,72,41.00451326,29.05289035,72,0,0.37,0.37
221,148199658755221,72,41.001488,29.054775,Residence,3,7,41.00451326,29.05289035,72,41.00451326,29.05289035,72,0,0.37,0.37
239,148200836344520,78,41.086391,28.982019,Residence,3,7,41.08352616,28.98077522,78,41.06528221,29.00860357,76,3.09,0.34,3.24
242,148201048334851,74,41.053925,28.79114,Work,1,7,41.05352476,28.79573773,74,41.05352476,28.79573773,74,0,0.39,0.39
280,148204179406998,1024,41.010406,28.969629,Work,4,7,41.09919128,28.8781769,0,41.01422785,28.9708573,1024,12.25,12.51,0.44
285,148204618532984,72,41.001488,29.054775,Work,1,7,41.00439107,29.05077864,72,41.00439107,29.05077864,72,0,0.47,0.47
298,148204915340243,1082,41.058075,28.980726,Work,1,7,41.05604341,28.98082012,1082,41.05407672,28.98857351,82,0.69,0.23,0.8
299,148204915340243,82,41.05365,28.993231,Work,2,7,41.05604341,28.98082012,1082,41.05407672,28.98857351,82,0.69,1.08,0.39
300,148204915340243,1082,41.058075,28.980726,Residence,1,7,41.05604341,28.98082012,1082,41.05407672,28.98857351,82,0.69,0.23,0.8
324,148205338122974,82,41.05365,28.993231,Work,2,7,41.16006883,29.02542882,0,41.16006883,29.02542882,0,0,12.15,12.15
361,148207788684682,36,40.9883,29.086309,Work,1,7,40.9611424,29.10385523,0,40.9611424,29.10385523,0,0,3.36,3.36
426,148214899281542,1082,41.058075,28.980726,Work,4,7,41.04638902,28.97367976,0,41.05635979,28.98611895,1082,1.52,1.43,0.49
450,148218189543490,1090,41.030792,28.974257,Work,1,7,41.03316321,28.97672976,1090,41.03316321,28.97672976,1090,0,0.34,0.34
473,148223938135323,72,41.001488,29.054775,Work,1,7,41.05336582,29.00372771,0,41.05336582,29.00372771,0,0,7.19,7.19
474,148223938135323,26,41.109474,29.030212,Work,1,7,41.05336582,29.00372771,0,41.05336582,29.00372771,0,0,6.63,6.63
475,148223938135323,27,41.066319,29.017076,Work,1,7,41.05336582,29.00372771,0,41.05336582,29.00372771,0,0,1.83,1.83
476,148223938135323,66,39.911217,32.81263,Work,2,7,41.05336582,29.00372771,0,41.05336582,29.00372771,0,0,346.62,346.62
503,148231782539511,1111,41.025745,28.958967,Residence,1,7,41.09911948,28.8702823,0,41.09911948,28.8702823,0,0,11.05,11.05
546,148251186283135,1039,39.900524,32.809502,Work,1,7,39.8992395,32.80268575,105,39.89838244,32.80687117,1039,0.37,0.6,0.33
548,148256466383257,26,41.109474,29.030212,Work,1,7,41.19208717,28.90394417,0,40.96392632,29.07140255,0,29.03,14.02,16.57
561,148272625304365,1008,39.902695,32.809055,Residence,3,7,39.90491698,32.8057625,1008,39.90491698,32.8057625,1008,0,0.37,0.37
562,148272625304365,1009,39.896866,32.866734,Work,1,7,39.90491698,32.8057625,1008,39.90491698,32.8057625,1008,0,5.28,5.28
563,148272625304365,1008,39.902695,32.809055,Work,4,7,39.90491698,32.8057625,1008,39.90491698,32.8057625,1008,0,0.37,0.37
575,148283310401993,1064,41.01038,28.96965,Work,5,7,41.00507814,28.92535829,0,41.00722029,28.97316907,1064,4.02,3.77,0.46
577,148284177404211,1047,40.816704,29.29525,Residence,2,7,40.8170622,29.29710018,1047,40.86411661,29.29733549,0,5.24,0.16,5.28
578,148284177404211,1047,40.816704,29.29525,Work,1,7,40.8170622,29.29710018,1047,40.86411661,29.29733549,0,5.24,0.16,5.28
583,148287554573108,79,41.020855,29.03953,Work,2,7,41.06931511,29.0708502,0,41.02333415,29.04463806,79,5.57,6,0.51
595,148303529978418,1077,41.030857,28.973768,Work,1,7,41.02882957,28.97306415,1077,41.02882957,28.97306415,1077,0,0.23,0.23
596,148303529978418,1077,41.030857,28.973768,Residence,4,7,41.02882957,28.97306415,1077,41.02882957,28.97306415,1077,0,0.23,0.23
600,148330033927570,82,41.05365,28.993231,Residence,1,7,40.05111657,26.3499178,0,40.05111657,26.3499178,0,0,249.87,249.87
51,148191777616305,75,41.006882,28.797319,Work,1,6,NA,NA,NA,NA,NA,NA,NA,NA,NA
183,148197920829347,28,39.910645,32.778347,Work,1,6,NA,NA,NA,NA,NA,NA,NA,NA,NA
194,148198307563030,1059,41.006886,29.033216,Residence,1,6,NA,NA,NA,NA,NA,NA,NA,NA,NA
210,148198943239869,1063,41.059879,28.980932,Work,3,6,NA,NA,NA,NA,NA,NA,NA,NA,NA
263,148202108547857,62,39.900246,32.691257,Work,1,6,NA,NA,NA,NA,NA,NA,NA,NA,NA
293,148204862977002,26,41.109474,29.030212,Work,2,6,NA,NA,NA,NA,NA,NA,NA,NA,NA
329,148205497806394,26,41.109474,29.030212,Work,2,6,NA,NA,NA,NA,NA,NA,NA,NA,NA
338,148205876729021,1082,41.058075,28.980726,Residence,3,6,NA,NA,NA,NA,NA,NA,NA,NA,NA
351,148206597715137,92,41.06768,28.992279,Residence,1,6,NA,NA,NA,NA,NA,NA,NA,NA,NA
386,148210198603118,30,41.062481,28.993097,Residence,3,6,NA,NA,NA,NA,NA,NA,NA,NA,NA
436,148216717652741,72,41.001488,29.054775,Work,3,6,NA,NA,NA,NA,NA,NA,NA,NA,NA
437,148216717652741,72,41.001488,29.054775,Residence,1,6,NA,NA,NA,NA,NA,NA,NA,NA,NA
451,148218287161783,1110,41.030804,28.983236,Residence,1,6,NA,NA,NA,NA,NA,NA,NA,NA,NA
536,148240901626773,71,41.04797,28.80934,Work,1,6,NA,NA,NA,NA,NA,NA,NA,NA,NA
552,148261633898294,1063,41.059879,28.980932,Residence,2,6,NA,NA,NA,NA,NA,NA,NA,NA,NA
571,148279404176446,30,41.062481,28.993097,Work,1,6,NA,NA,NA,NA,NA,NA,NA,NA,NA
592,148300078339001,82,41.05365,28.993231,Work,3,6,NA,NA,NA,NA,NA,NA,NA,NA,NA
9,148189734747032,1096,40.986317,29.103914,Residence,3,5,NA,NA,NA,NA,NA,NA,NA,NA,NA
68,148192548759808,1055,41.049744,28.990915,Residence,2,5,NA,NA,NA,NA,NA,NA,NA,NA,NA
87,148195193106712,80,40.97773,28.873442,Work,7,5,NA,NA,NA,NA,NA,NA,NA,NA,NA
102,148195588739956,1032,40.956936,29.080084,Residence,1,5,NA,NA,NA,NA,NA,NA,NA,NA,NA
106,148195808139602,1029,40.956676,29.080462,Residence,1,5,NA,NA,NA,NA,NA,NA,NA,NA,NA
179,148197827999897,88,40.98584,29.100296,Work,1,5,NA,NA,NA,NA,NA,NA,NA,NA,NA
206,148198535649688,1049,41.077419,29.028307,Residence,3,5,NA,NA,NA,NA,NA,NA,NA,NA,NA
207,148198535649688,25,41.07671,29.027039,Residence,1,5,NA,NA,NA,NA,NA,NA,NA,NA,NA
214,148199218548942,80,40.97773,28.873442,Residence,3,5,NA,NA,NA,NA,NA,NA,NA,NA,NA
273,148203092120238,87,41.077419,29.011221,Work,1,5,NA,NA,NA,NA,NA,NA,NA,NA,NA
328,148205447127065,1032,40.956936,29.080084,Work,1,5,NA,NA,NA,NA,NA,NA,NA,NA,NA
352,148206914157679,90,41.085014,29.006083,Residence,2,5,NA,NA,NA,NA,NA,NA,NA,NA,NA
401,148212605909798,30,41.062481,28.993097,Residence,5,5,NA,NA,NA,NA,NA,NA,NA,NA,NA
428,148215339988502,24,41.076225,29.011829,Work,3,5,NA,NA,NA,NA,NA,NA,NA,NA,NA
515,148235085438623,1059,41.006886,29.033216,Residence,1,5,NA,NA,NA,NA,NA,NA,NA,NA,NA
559,148269566227524,90,41.085014,29.006083,Work,1,5,NA,NA,NA,NA,NA,NA,NA,NA,NA
601,148345835654049,26,41.109474,29.030212,Work,2,5,NA,NA,NA,NA,NA,NA,NA,NA,NA
602,148345835654049,26,41.109474,29.030212,Residence,1,5,NA,NA,NA,NA,NA,NA,NA,NA,NA
36,148191218229675,1062,41.076756,29.04274,Residence,1,4,NA,NA,NA,NA,NA,NA,NA,NA,NA
47,148191326319259,1048,41.048389,28.993444,Work,1,4,NA,NA,NA,NA,NA,NA,NA,NA,NA
77,148194472800573,1011,40.987534,29.120331,Residence,2,4,NA,NA,NA,NA,NA,NA,NA,NA,NA
101,148195581038172,84,40.96933,29.091743,Work,1,4,NA,NA,NA,NA,NA,NA,NA,NA,NA
188,148198034862073,90,41.085014,29.006083,Residence,2,4,NA,NA,NA,NA,NA,NA,NA,NA,NA
260,148201841386219,88,40.98584,29.100296,Residence,1,4,NA,NA,NA,NA,NA,NA,NA,NA,NA
269,148202884221672,1049,41.077419,29.028307,Work,1,4,NA,NA,NA,NA,NA,NA,NA,NA,NA
270,148202884221672,1002,41.08334,29.012632,Work,1,4,NA,NA,NA,NA,NA,NA,NA,NA,NA
271,148202884221672,1057,41.083012,29.034481,Residence,1,4,NA,NA,NA,NA,NA,NA,NA,NA,NA
308,148205016705488,1078,41.110367,29.131603,Residence,1,4,NA,NA,NA,NA,NA,NA,NA,NA,NA
336,148205717573521,25,41.07671,29.027039,Work,1,4,NA,NA,NA,NA,NA,NA,NA,NA,NA
337,148205717573521,25,41.07671,29.027039,Residence,1,4,NA,NA,NA,NA,NA,NA,NA,NA,NA
417,148213751175894,90,41.085014,29.006083,Work,1,4,NA,NA,NA,NA,NA,NA,NA,NA,NA
419,148214139081615,39,41.070751,28.917419,Residence,2,4,NA,NA,NA,NA,NA,NA,NA,NA,NA
420,148214139081615,39,41.070751,28.917419,Work,1,4,NA,NA,NA,NA,NA,NA,NA,NA,NA
461,148220736954889,89,41.070644,29.00189,Work,4,4,NA,NA,NA,NA,NA,NA,NA,NA,NA
481,148224186647220,27,41.066319,29.017076,Work,3,4,NA,NA,NA,NA,NA,NA,NA,NA,NA
482,148224232097940,77,40.98867,28.845539,Work,3,4,NA,NA,NA,NA,NA,NA,NA,NA,NA
488,148225165239636,1045,41.080986,29.035622,Residence,2,4,NA,NA,NA,NA,NA,NA,NA,NA,NA
489,148225217692234,1064,41.01038,28.96965,Work,1,4,NA,NA,NA,NA,NA,NA,NA,NA,NA
490,148225638582059,1059,41.006886,29.033216,Work,2,4,NA,NA,NA,NA,NA,NA,NA,NA,NA
506,148232878775582,1063,41.059879,28.980932,Residence,1,4,NA,NA,NA,NA,NA,NA,NA,NA,NA
547,148251212774127,1002,41.08334,29.012632,Work,1,4,NA,NA,NA,NA,NA,NA,NA,NA,NA
551,148258830332060,73,40.964191,28.80168,Residence,2,4,NA,NA,NA,NA,NA,NA,NA,NA,NA
594,148301692798809,72,41.001488,29.054775,Residence,4,4,NA,NA,NA,NA,NA,NA,NA,NA,NA
597,148311774444537,77,40.98867,28.845539,Residence,1,4,NA,NA,NA,NA,NA,NA,NA,NA,NA
604,148354477256531,1057,41.083012,29.034481,Residence,3,4,NA,NA,NA,NA,NA,NA,NA,NA,NA
105,148195707446428,1045,41.080986,29.035622,Work,1,3,NA,NA,NA,NA,NA,NA,NA,NA,NA
146,148196942074553,80,40.97773,28.873442,Residence,1,3,NA,NA,NA,NA,NA,NA,NA,NA,NA
165,148197486336656,1022,40.97739,29.041759,Residence,2,3,NA,NA,NA,NA,NA,NA,NA,NA,NA
246,148201367587067,30,41.062481,28.993097,Work,1,3,NA,NA,NA,NA,NA,NA,NA,NA,NA
247,148201367587067,1046,40.959423,29.072475,Residence,2,3,NA,NA,NA,NA,NA,NA,NA,NA,NA
258,148201556152098,1067,40.971657,29.060005,Residence,2,3,NA,NA,NA,NA,NA,NA,NA,NA,NA
272,148202933997775,1082,41.058075,28.980726,Residence,1,3,NA,NA,NA,NA,NA,NA,NA,NA,NA
344,148206289568214,1064,41.01038,28.96965,Work,1,3,NA,NA,NA,NA,NA,NA,NA,NA,NA
353,148207053660093,27,41.066319,29.017076,Work,6,3,NA,NA,NA,NA,NA,NA,NA,NA,NA
373,148208698019469,77,40.98867,28.845539,Residence,1,3,NA,NA,NA,NA,NA,NA,NA,NA,NA
507,148232885318173,87,41.077419,29.011221,Work,1,3,NA,NA,NA,NA,NA,NA,NA,NA,NA
510,148234557591709,71,41.04797,28.80934,Work,1,3,NA,NA,NA,NA,NA,NA,NA,NA,NA
574,148282692986893,30,41.062481,28.993097,Work,1,3,NA,NA,NA,NA,NA,NA,NA,NA,NA
586,148291502500201,1054,41.035179,28.988338,Residence,1,3,NA,NA,NA,NA,NA,NA,NA,NA,NA
605,148356710748656,27,41.066319,29.017076,Work,2,3,NA,NA,NA,NA,NA,NA,NA,NA,NA
606,148369381895449,1046,40.959423,29.072475,Work,1,3,NA,NA,NA,NA,NA,NA,NA,NA,NA
607,148369381895449,1071,41.047516,28.994026,Residence,2,3,NA,NA,NA,NA,NA,NA,NA,NA,NA
608,148369544421241,79,41.020855,29.03953,Work,1,3,NA,NA,NA,NA,NA,NA,NA,NA,NA
609,148369544421241,1067,40.971657,29.060005,Work,1,3,NA,NA,NA,NA,NA,NA,NA,NA,NA
610,148369786168191,55,39.882961,32.685566,Residence,1,3,NA,NA,NA,NA,NA,NA,NA,NA,NA
611,148370196440205,1048,41.048389,28.993444,Work,2,3,NA,NA,NA,NA,NA,NA,NA,NA,NA
612,148370642971813,1123,41.042507,29.001322,Work,1,3,NA,NA,NA,NA,NA,NA,NA,NA,NA
613,148370642971813,1033,41.038063,28.983295,Residence,1,3,NA,NA,NA,NA,NA,NA,NA,NA,NA
615,148371193329087,1082,41.058075,28.980726,Residence,2,3,NA,NA,NA,NA,NA,NA,NA,NA,NA
616,148371350702935,77,40.98867,28.845539,Residence,2,3,NA,NA,NA,NA,NA,NA,NA,NA,NA
617,148371709570570,34,40.977467,28.871523,Work,1,3,NA,NA,NA,NA,NA,NA,NA,NA,NA
618,148371840095509,82,41.05365,28.993231,Residence,2,3,NA,NA,NA,NA,NA,NA,NA,NA,NA
619,148372020787061,34,40.977467,28.871523,Work,1,3,NA,NA,NA,NA,NA,NA,NA,NA,NA
620,148372020787061,80,40.97773,28.873442,Work,1,3,NA,NA,NA,NA,NA,NA,NA,NA,NA
624,148372502212591,24,41.076225,29.011829,Work,1,3,NA,NA,NA,NA,NA,NA,NA,NA,NA
625,148373072320927,79,41.020855,29.03953,Work,1,3,NA,NA,NA,NA,NA,NA,NA,NA,NA
626,148373072320927,79,41.020855,29.03953,Residence,1,3,NA,NA,NA,NA,NA,NA,NA,NA,NA
627,148373120539669,1023,41.058266,28.980352,Residence,2,3,NA,NA,NA,NA,NA,NA,NA,NA,NA
628,148373484706245,1059,41.006886,29.033216,Residence,1,3,NA,NA,NA,NA,NA,NA,NA,NA,NA
629,148373548361244,77,40.98867,28.845539,Residence,1,3,NA,NA,NA,NA,NA,NA,NA,NA,NA
39,148191269468355,78,41.086391,28.982019,Residence,1,2,NA,NA,NA,NA,NA,NA,NA,NA,NA
209,148198643015243,93,40.937439,29.326969,Work,1,2,NA,NA,NA,NA,NA,NA,NA,NA,NA
416,148213434703398,29,39.910645,32.776825,Residence,2,2,NA,NA,NA,NA,NA,NA,NA,NA,NA
464,148221436949581,86,40.995384,28.909842,Residence,1,2,NA,NA,NA,NA,NA,NA,NA,NA,NA
498,148229692743331,38,41.003078,28.68808,Work,1,2,NA,NA,NA,NA,NA,NA,NA,NA,NA
569,148276757853979,1077,41.030857,28.973768,Work,1,2,NA,NA,NA,NA,NA,NA,NA,NA,NA
572,148282572453346,30,41.062481,28.993097,Residence,1,2,NA,NA,NA,NA,NA,NA,NA,NA,NA
573,148282652228101,82,41.05365,28.993231,Work,1,2,NA,NA,NA,NA,NA,NA,NA,NA,NA
614,148370795504179,37,41.01128,28.81583,Work,2,2,NA,NA,NA,NA,NA,NA,NA,NA,NA
621,148372030132069,72,41.001488,29.054775,Work,1,2,NA,NA,NA,NA,NA,NA,NA,NA,NA
622,148372123044320,30,41.062481,28.993097,Work,1,2,NA,NA,NA,NA,NA,NA,NA,NA,NA
623,148372362254444,1074,40.955952,29.08083,Work,1,2,NA,NA,NA,NA,NA,NA,NA,NA,NA
630,148373683127086,1064,41.01038,28.96965,Work,1,2,NA,NA,NA,NA,NA,NA,NA,NA,NA
631,148373844231666,92,41.06768,28.992279,Residence,1,2,NA,NA,NA,NA,NA,NA,NA,NA,NA
633,148373854521230,1048,41.048389,28.993444,Work,1,2,NA,NA,NA,NA,NA,NA,NA,NA,NA
634,148373854521230,76,41.068562,29.005823,Residence,2,2,NA,NA,NA,NA,NA,NA,NA,NA,NA
635,148374051533646,77,40.98867,28.845539,Residence,2,2,NA,NA,NA,NA,NA,NA,NA,NA,NA
636,148374059654673,26,41.109474,29.030212,Work,1,2,NA,NA,NA,NA,NA,NA,NA,NA,NA
637,148374623288610,25,41.07671,29.027039,Residence,1,2,NA,NA,NA,NA,NA,NA,NA,NA,NA
638,148375544139717,1063,41.059879,28.980932,Residence,1,2,NA,NA,NA,NA,NA,NA,NA,NA,NA
639,148376209096074,36,40.9883,29.086309,Residence,1,2,NA,NA,NA,NA,NA,NA,NA,NA,NA
641,148376838401057,1121,41.064659,29.032145,Work,2,2,NA,NA,NA,NA,NA,NA,NA,NA,NA
642,148376838401057,1121,41.064659,29.032145,Residence,1,2,NA,NA,NA,NA,NA,NA,NA,NA,NA
645,148378440331477,23,39.848064,32.835148,Residence,1,2,NA,NA,NA,NA,NA,NA,NA,NA,NA
646,148379229554449,37,41.01128,28.81583,Residence,1,2,NA,NA,NA,NA,NA,NA,NA,NA,NA
647,148379768640386,1069,41.059536,29.035246,Residence,1,2,NA,NA,NA,NA,NA,NA,NA,NA,NA
648,148379768640386,1069,41.059536,29.035246,Work,1,2,NA,NA,NA,NA,NA,NA,NA,NA,NA
649,148381818233709,93,40.937439,29.326969,Residence,1,2,NA,NA,NA,NA,NA,NA,NA,NA,NA
4,148189322470242,34,40.977467,28.871523,Work,1,1,NA,NA,NA,NA,NA,NA,NA,NA,NA
7,148189463324796,25,41.07671,29.027039,Residence,1,1,NA,NA,NA,NA,NA,NA,NA,NA,NA
201,148198394865747,86,40.995384,28.909842,Work,1,1,NA,NA,NA,NA,NA,NA,NA,NA,NA
325,148205368211695,1082,41.058075,28.980726,Work,1,1,NA,NA,NA,NA,NA,NA,NA,NA,NA
357,148207445054553,34,40.977467,28.871523,Work,1,1,NA,NA,NA,NA,NA,NA,NA,NA,NA
382,148209241031776,30,41.062481,28.993097,Residence,1,1,NA,NA,NA,NA,NA,NA,NA,NA,NA
530,148239689382166,84,40.96933,29.091743,Work,1,1,NA,NA,NA,NA,NA,NA,NA,NA,NA
537,148241717948617,1064,41.01038,28.96965,Work,1,1,NA,NA,NA,NA,NA,NA,NA,NA,NA
632,148373847649009,74,41.053925,28.79114,Residence,1,1,NA,NA,NA,NA,NA,NA,NA,NA,NA
640,148376567344301,31,40.982479,29.13283,Residence,1,1,NA,NA,NA,NA,NA,NA,NA,NA,NA
643,148376855191572,1074,40.955952,29.08083,Work,1,1,NA,NA,NA,NA,NA,NA,NA,NA,NA
644,148377884737037,72,41.001488,29.054775,Work,1,1,NA,NA,NA,NA,NA,NA,NA,NA,NA
